index,id,first_name,last_name,Ticker,Sector,Market,Stock Name,Market Cap,Purchase Price,File Date,Purchase Price Categorisation,Market Capitalisation Categorisation,rank
3,6,Steven,McGrale,AP,Capital Goods,NYSE,Ampco-Pittsburgh Corporation,175480000,163.84,1/1/2023,Low,Medium,1
45,57,Jozef,Newton,SJR,Consumer Services,NYSE,Shaw Communications Inc.,10720000000,75539.56,1/1/2023,Very High,Large,2
49,61,Jacklin,Beale,VNCE,Consumer Services,NYSE,Vince Holding Corp.,22240000,75256.62,1/1/2023,Very High,Small,1
52,64,Phillis,Davidge,EXPO,Consumer Services,NASDAQ,"Exponent, Inc.",1530000000,817.67,1/1/2023,Low,Large,1
93,119,Orly,Tremethack,ALGT,Transportation,NASDAQ,Allegiant Travel Company,2380000000,75147.15,1/1/2023,Very High,Large,1
107,134,Taddeo,Ruddock,AGZD,,NASDAQ,WisdomTree Barclays Interest Rate Hedged U.S. Aggregate Bond F,23970000,76492.83,1/1/2023,Very High,Small,5
109,136,Ivan,Stanlake,ALOT,Technology,NASDAQ,"AstroNova, Inc.",90180000,1837.84,1/1/2023,Low,Small,3
115,142,Ave,Krammer,TCBK,Finance,NASDAQ,TriCo Bancshares,821610000,76532.32,1/1/2023,Very High,Medium,4
117,145,Nettle,Jilkes,MN,Finance,NYSE,"Manning & Napier, Inc.",63230000,1508.53,1/1/2023,Low,Small,2
119,147,Klarrisa,Romero,EXAS,Health Care,NASDAQ,Exact Sciences Corporation,3590000000,25133.92,1/1/2023,Medium,Large,2
134,162,Riannon,Bendixen,ZNH,Transportation,NYSE,China Southern Airlines Company Limited,8070000000,2068.25,1/1/2023,Low,Large,5
135,163,Matilda,Horsey,RAIL,Capital Goods,NASDAQ,"Freightcar America, Inc.",212140000,52207.59,1/1/2023,High,Medium,4
150,182,Laney,Doddridge,IMKTA,Consumer Services,NASDAQ,"Ingles Markets, Incorporated",687820000,26200.54,1/1/2023,Medium,Medium,5
154,186,Dur,Presnall,BP,Energy,NYSE,BP p.l.c.,117990000000,86921.67,1/1/2023,Very High,Huge,1
156,188,Cherey,Tollemache,BA,Capital Goods,NYSE,Boeing Company (The),118570000000,15340.41,1/1/2023,Low,Huge,2
158,190,Kendrick,Kalinsky,KNOP,Consumer Services,NYSE,KNOT Offshore Partners LP,702270000,26166.21,1/1/2023,Medium,Medium,4
187,223,Gratia,Robet,CKH,Transportation,NYSE,"SEACOR Holdings, Inc.",600560000,25282.79,1/1/2023,Medium,Medium,2
223,264,Janel,Bortolotti,RY,Finance,NYSE,Royal Bank Of Canada,103480000000,3052.98,1/1/2023,Low,Huge,1
226,267,Shandie,Eneas,PMTS,Finance,NASDAQ,CPI Card Group Inc.,127330000,50325.57,1/1/2023,High,Medium,2
233,275,Lynsey,Golby,HIL,Consumer Services,NYSE,"Hill International, Inc.",251610000,53150.31,1/1/2023,High,Medium,5
243,285,Orrin,Bryenton,NVLN,Health Care,NASDAQ,Novelion Therapeutics Inc. ,171110000,605.32,1/1/2023,Low,Medium,2
262,308,Guglielmo,Issacson,TNAV,Capital Goods,NASDAQ,"Telenav, Inc.",356440000,76097.64,1/1/2023,Very High,Medium,3
268,314,Currey,Triggs,BGB,,NYSE,Blackstone / GSO Strategic Credit Fund,716420000,25102.14,1/1/2023,Medium,Medium,1
279,327,Mei,Yerrall,VKTX,Health Care,NASDAQ,"Viking Therapeutics, Inc.",25840000,51741.91,1/1/2023,High,Small,4
280,328,Orsola,Gouch,COVS,Technology,NASDAQ,Covisint Corporation,99100000,75999.17,1/1/2023,Very High,Small,3
301,351,Viviana,Thomsson,CFRX,Health Care,NASDAQ,ContraFect Corporation,47900000,50425.62,1/1/2023,High,Small,1
317,374,Nicolette,Vallack,HOTR,Consumer Services,NASDAQ,"Chanticleer Holdings, Inc.",6310000,25933.5,1/1/2023,Medium,Small,2
324,382,Walliw,Neads,ONTX,Health Care,NASDAQ,"Onconova Therapeutics, Inc.",18600000,3214.25,1/1/2023,Low,Small,5
332,392,Reginauld,Goudge,K,Consumer Non-Durables,NYSE,Kellogg Company,25180000000,75778.33,1/1/2023,Very High,Large,3
341,403,Alyda,Bert,CAVM,Technology,NASDAQ,"Cavium, Inc.",4480000000,50818.85,1/1/2023,High,Large,3
381,448,Inigo,Romain,MCBC,Finance,NASDAQ,Macatawa Bank Corporation,321800000,75365.32,1/1/2023,Very High,Medium,1
403,473,Zarla,Faye,HWCC,Consumer Non-Durables,NASDAQ,Houston Wire & Cable Company,98160000,27053.54,1/1/2023,Medium,Small,5
445,528,Harri,Feather,AF,Finance,NYSE,Astoria Financial Corporation,2060000000,25403.56,1/1/2023,Medium,Large,4
446,529,Lorita,Youngman,CCUR,Technology,NASDAQ,Concurrent Computer Corporation,68780000,25712.1,1/1/2023,Medium,Small,1
448,532,Joell,Blyth,IPAS,Technology,NASDAQ,iPass Inc.,94730000,167.17,1/1/2023,Low,Small,1
463,548,Cullen,Elix,SRET,,NASDAQ,Global X SuperDividend REIT ETF,3090000,2845.53,1/1/2023,Low,Small,4
484,572,Etty,Ochterlony,LNCE,Consumer Non-Durables,NASDAQ,"Snyder's-Lance, Inc.",3440000000,25445.16,1/1/2023,Medium,Large,5
485,573,Alecia,Bohlens,TILE,Consumer Durables,NASDAQ,"Interface, Inc.",1220000000,50515.37,1/1/2023,High,Large,1
490,578,Tara,Lorking,WY,Consumer Services,NYSE,Weyerhaeuser Company,25310000000,76206.84,1/1/2023,Very High,Large,4
503,597,Si,Mateu,STRT,Capital Goods,NASDAQ,Strattec Security Corporation,121470000,2113.52,1/1/2023,Low,Medium,5
504,598,Gilburt,Devin,CPAA,Finance,NASDAQ,Conyers Park Acquisition Corp.,596200000,50945.37,1/1/2023,High,Medium,3
551,653,Godwin,Pinn,CEL,Public Utilities,NYSE,"Cellcom Israel, Ltd.",933630000,76034.94,1/1/2023,Very High,Medium,2
575,679,Marylynne,Clendening,MON,Basic Industries,NYSE,Monsanto Company,51730000000,50869.29,1/1/2023,High,Large,5
587,692,Samara,Trussell,DSWL,Consumer Non-Durables,NASDAQ,"Deswell Industries, Inc.",32920000,51425.32,1/1/2023,High,Small,3
598,706,Brock,Northleigh,FCEF,,NASDAQ,First Trust CEF Income Opportunity ETF,28080000,52131.78,1/1/2023,High,Small,5
610,718,Isa,Alexandre,DNB,Finance,NYSE,Dun & Bradstreet Corporation (The),3910000000,25296.38,1/1/2023,Medium,Large,3
611,719,Aubrey,Spatoni,THS,Consumer Non-Durables,NYSE,"Treehouse Foods, Inc.",4610000000,25050.79,1/1/2023,Medium,Large,1
615,723,Brigit,Kmiec,OPHC,Finance,NASDAQ,"OptimumBank Holdings, Inc.",2910000,76167.29,1/1/2023,Very High,Small,4
664,782,Ulrikaumeko,Woodus,OMED,Health Care,NASDAQ,"OncoMed Pharmaceuticals, Inc.",135820000,1704.96,1/1/2023,Low,Medium,4
671,791,Violet,Popov,XOM,Energy,NYSE,Exxon Mobil Corporation,353770000000,39345.93,1/1/2023,Medium,Huge,2
680,802,Gerianne,Larmouth,FARO,Capital Goods,NASDAQ,"FARO Technologies, Inc.",599240000,1469.02,1/1/2023,Low,Medium,3
699,822,Padraic,Wilbor,DUK,Public Utilities,NYSE,Duke Energy Corporation,60990000000,1678.37,1/1/2023,Low,Large,4
704,828,Keir,Finan,TOO,Consumer Services,NYSE,Teekay Offshore Partners L.P.,293410000,76806.22,1/1/2023,Very High,Medium,5
715,842,Chadd,Graddell,IFGL,,NASDAQ,iShares FTSE EPRA/NAREIT Global Real Estate ex-U.S. Index Fund,532799999,25505.32,1/1/2023,Medium,Medium,3
735,867,Jacquetta,Hussy,PHMD,Health Care,NASDAQ,"PhotoMedex, Inc.",6290000,26104.09,1/1/2023,Medium,Small,3
739,872,Darla,Spelwood,IBKC,Finance,NASDAQ,IBERIABANK Corporation,4160000000,50579.05,1/1/2023,High,Large,2
761,896,Ivory,Goodboddy,QIWI,Miscellaneous,NASDAQ,QIWI plc,1530000000,1149.26,1/1/2023,Low,Large,2
771,906,Egbert,Gooms,EOG,Energy,NYSE,"EOG Resources, Inc.",51100000000,1256.68,1/1/2023,Low,Large,3
797,937,Maurizio,Blackall,OSN,Basic Industries,NASDAQ,"Ossen Innovation Co., Ltd.",14050000,26739.54,1/1/2023,Medium,Small,4
799,940,Kevina,Kreber,OACQ,Finance,NASDAQ,Origo Acquisition Corporation,34790000,50817.68,1/1/2023,High,Small,2
814,956,Valentia,Jecks,THO,Consumer Non-Durables,NYSE,"Thor Industries, Inc.",5530000000,76656.43,1/1/2023,Very High,Large,5
817,959,Talia,Blurton,MSON,Capital Goods,NASDAQ,"MISONIX, Inc.",89330000,75958.88,1/1/2023,Very High,Small,2
820,962,Myer,Manders,FGL,Finance,NYSE,Fidelity and Guaranty Life,1820000000,50867.47,1/1/2023,High,Large,4
834,979,Janine,Conduit,PEY,,NASDAQ,PowerShares High Yield Equity Dividend Achievers Portfolio,953280000,50265.54,1/1/2023,High,Medium,1
841,986,Wenonah,Bancroft,JNJ,Health Care,NYSE,Johnson & Johnson,361920000000,27289.36,1/1/2023,Medium,Huge,1
844,989,Odele,Binnall,UNH,Health Care,NYSE,UnitedHealth Group Incorporated,175030000000,23687.36,1/1/2023,Low,Huge,3
1,2,Perle,Scarfe,RELL,Consumer Non-Durables,NASDAQ,"Richardson Electronics, Ltd.",75940000,1431.02,1/2/2023,Low,Small,2
12,13,Sven,Crawcour,GENY,,NASDAQ,Principal Millennials Index ETF,7260000,2633.69,1/2/2023,Low,Small,4
22,25,Willie,Service,IMRN,Health Care,NASDAQ,Immuron Limited,22580000,28944.05,1/2/2023,Medium,Small,4
23,26,Town,Winders,IPAR,Consumer Non-Durables,NASDAQ,"Inter Parfums, Inc.",1120000000,77252.41,1/2/2023,Very High,Large,5
27,30,Pierce,Dingley,TM,Capital Goods,NYSE,Toyota Motor Corp Ltd Ord,156020000000,87493.53,1/2/2023,Very High,Huge,1
89,98,Rodie,Wharf,ARCC,,NASDAQ,Ares Capital Corporation,6950000000,29.66,1/2/2023,Low,Large,1
96,108,Petronella,Lashbrook,PCTY,Technology,NASDAQ,Paylocity Holding Corporation,2430000000,25030.59,1/2/2023,Medium,Large,1
121,134,Wendell,Tolhurst,GBL,Finance,NYSE,"Gamco Investors, Inc.",878560000,27343.34,1/2/2023,Medium,Medium,5
140,156,Gwenny,Blanckley,GIGM,Technology,NASDAQ,GigaMedia Limited,33710000,76393.2,1/2/2023,Very High,Small,3
155,172,Perri,Lapthorne,SQNS,Technology,NYSE,Sequans Communications S.A.,299740000,52295.52,1/2/2023,High,Medium,4
158,175,Rance,Kingscote,HBHC,Finance,NASDAQ,Hancock Holding Company,4110000000,51243.43,1/2/2023,High,Large,4
164,181,Mathilda,Coleson,JRI,,NYSE,Nuveen Real Asset Income and Growth Fund,170570000,26253.5,1/2/2023,Medium,Medium,3
167,184,Maddi,O'Mullaney,QUMU,Technology,NASDAQ,Qumu Corporation,29240000,76805.77,1/2/2023,Very High,Small,5
192,217,Craig,Hanretty,TRK,Consumer Services,NYSE,"Speedway Motorsports, Inc.",760100000,94.03,1/2/2023,Low,Medium,1
197,222,Ottilie,Collins,CYTX,Health Care,NASDAQ,Cytori Therapeutics Inc,31830000,50406.88,1/2/2023,High,Small,1
217,248,Inesita,Gorelli,VZ,Public Utilities,NYSE,Verizon Communications Inc.,190220000000,39428.93,1/2/2023,Medium,Huge,2
228,262,Kattie,Spellacey,FLOW,Technology,NYSE,"SPX FLOW, Inc.",1640000000,25619.24,1/2/2023,Medium,Large,4
241,280,Wynne,Fenech,MHF,,NYSE,"Western Asset Municipal High Income Fund, Inc.",160520000,392.18,1/2/2023,Low,Medium,2
243,282,Damita,Pammenter,TV,Consumer Services,NYSE,Grupo Televisa S.A.,14270000000,901.17,1/2/2023,Low,Large,4
248,287,Adrianne,Carnie,HNRG,Energy,NASDAQ,Hallador Energy Company,213570000,75006.0,1/2/2023,Very High,Medium,1
249,288,Heinrik,Krout,IRWD,Health Care,NASDAQ,"Ironwood Pharmaceuticals, Inc.",2610000000,25385.65,1/2/2023,Medium,Large,3
285,328,Shannen,Eskrigge,RICK,Consumer Services,NASDAQ,"RCI Hospitality Holdings, Inc.",210020000,75199.16,1/2/2023,Very High,Medium,5
289,333,Merna,Heselwood,DCIX,Transportation,NASDAQ,Diana Containerships Inc.,3550000,51114.45,1/2/2023,High,Small,4
307,352,Michael,Zannutti,SCZ,,NASDAQ,iShares MSCI EAFE Small-Cap ETF,8400000000,25761.98,1/2/2023,Medium,Large,5
311,357,Fernandina,De La Haye,FOF,,NYSE,"Cohen & Steers Closed-End Opportunity Fund, Inc.",351000000,1266.29,1/2/2023,Low,Medium,5
314,362,Caitlin,Nemchinov,ETRM,Health Care,NASDAQ,EnteroMedics Inc.,33430000,51087.79,1/2/2023,High,Small,3
324,373,Rubi,Lurriman,CLNT,Technology,NASDAQ,"Cleantech Solutions International, Inc.",6290000,52092.09,1/2/2023,High,Small,5
340,391,Bealle,Beldon,CTIB,Basic Industries,NASDAQ,CTI Industries Corporation,21030000,75722.35,1/2/2023,Very High,Small,1
348,399,Hilario,Folling,EXAC,Health Care,NASDAQ,"Exactech, Inc.",438670000,26157.23,1/2/2023,Medium,Medium,2
355,408,Elfrida,Alleyn,OME,Consumer Non-Durables,NYSE,Omega Protein Corporation,390470000,75085.81,1/2/2023,Very High,Medium,3
361,415,Merrielle,Szymanski,TPC,Basic Industries,NYSE,Tutor Perini Corporation,1320000000,51342.24,1/2/2023,High,Large,5
386,445,Emmott,Maslen,VIAV,Technology,NASDAQ,Viavi Solutions Inc.,2570000000,50172.03,1/2/2023,High,Large,1
408,474,Damaris,Cardenoza,MNTX,Technology,NASDAQ,"Manitex International, Inc.",115530000,75180.98,1/2/2023,Very High,Medium,4
411,478,Katleen,Johannes,YIN,Finance,NASDAQ,Yintech Investment Holdings Limited,725830000,544.29,1/2/2023,Low,Medium,3
415,483,Carolus,Breyt,DLTH,Consumer Services,NASDAQ,Duluth Holdings Inc.,558540000,52787.68,1/2/2023,High,Medium,5
420,489,Audrye,Newvell,MXWL,Miscellaneous,NASDAQ,"Maxwell Technologies, Inc.",209500000,75067.33,1/2/2023,Very High,Medium,2
422,493,Kirsteni,Robertsson,DPLO,Health Care,NYSE,"Diplomat Pharmacy, Inc.",1210000000,76587.76,1/2/2023,Very High,Large,3
436,508,Damaris,Coare,CRK,Energy,NYSE,"Comstock Resources, Inc.",105450000,779.59,1/2/2023,Low,Medium,4
463,543,Brynna,Vial,VWR,Consumer Durables,NASDAQ,VWR Corporation,4340000000,51119.44,1/2/2023,High,Large,3
479,560,Adelbert,Vigors,TRP,Public Utilities,NYSE,TransCanada Corporation,41810000000,25364.99,1/2/2023,Medium,Large,2
487,568,Kimberlee,Sawart,AXAR,Finance,NASDAQ,Axar Acquisition Corp.,83790000,28961.81,1/2/2023,Medium,Small,5
489,570,Carlos,Millins,PSO,Consumer Services,NYSE,"Pearson, Plc",7480000000,496.53,1/2/2023,Low,Large,3
502,586,Xenia,Attle,PRU,Finance,NYSE,"Prudential Financial, Inc.",46210000000,76355.56,1/2/2023,Very High,Large,2
505,591,Woodie,Treweela,COHU,Capital Goods,NASDAQ,"Cohu, Inc.",474730000,50658.02,1/2/2023,High,Medium,2
529,621,Vallie,Rebeiro,DIS,Consumer Services,NYSE,Walt Disney Company (The),165110000000,64358.89,1/2/2023,High,Huge,1
545,639,Roddy,Mundford,APDN,Consumer Services,NASDAQ,Applied DNA Sciences Inc,26320000,25171.03,1/2/2023,Medium,Small,1
549,644,Alyss,Revans,RESN,Technology,NASDAQ,Resonant Inc.,57730000,50973.17,1/2/2023,High,Small,2
559,654,Ferdie,Stivani,OVAS,Health Care,NASDAQ,OvaScience Inc.,48500000,562.65,1/2/2023,Low,Small,1
590,695,Gerome,Dummigan,CHEF,Consumer Non-Durables,NASDAQ,"The Chefs' Warehouse, Inc.",387370000,50564.3,1/2/2023,High,Medium,1
594,699,Ermentrude,Belfelt,BGG,Energy,NYSE,Briggs & Stratton Corporation,1050000000,198.08,1/2/2023,Low,Large,2
608,719,Aleta,Daverin,HPT,Consumer Services,NASDAQ,Hospitality Properties Trust,5040000000,75250.22,1/2/2023,Very High,Large,1
610,722,Chrissy,Castanyer,ORCL,Technology,NYSE,Oracle Corporation,185530000000,44152.27,1/2/2023,Medium,Huge,3
613,726,Lief,Fishby,EGY,Energy,NYSE,Vaalco Energy Inc,52670000,27038.99,1/2/2023,Medium,Small,2
616,729,Alfons,Muttitt,RTNB,Consumer Services,NASDAQ,"root9B Holdings, Inc. ",40930000,76557.59,1/2/2023,Very High,Small,4
669,795,Karon,Avramovitz,KHC,Consumer Non-Durables,NASDAQ,The Kraft Heinz Company,108870000000,70939.69,1/2/2023,High,Huge,2
675,803,Giuditta,Roscamp,SM,Energy,NYSE,SM Energy Company,1740000000,50304.52,1/2/2023,High,Large,2
687,818,Clemmy,Pischoff,EMCB,,NASDAQ,WisdomTree Emerging Markets Corporate Bond Fund,50490000,2234.63,1/2/2023,Low,Small,3
704,837,Joey,Nelligan,SYNL,Basic Industries,NASDAQ,Synalloy Corporation,96770000,75751.98,1/2/2023,Very High,Small,2
707,840,Dorelle,Coates,TCI,Consumer Services,NYSE,"Transcontinental Realty Investors, Inc.",230240000,25914.29,1/2/2023,Medium,Medium,1
746,888,Brooke,Scollick,OSTK,Consumer Services,NASDAQ,"Overstock.com, Inc.",393680000,52035.64,1/2/2023,High,Medium,3
765,909,Alvin,Berkelay,CPLA,Consumer Services,NASDAQ,Capella Education Company,1040000000,1008.14,1/2/2023,Low,Large,5
775,919,Scotty,Megany,PMM,,NYSE,Putnam Managed Municipal Income Trust,406450000,27237.77,1/2/2023,Medium,Medium,4
779,924,Leila,Gilchrist,V,Miscellaneous,NYSE,Visa Inc.,217120000000,34556.47,1/2/2023,Medium,Huge,1
790,936,Imogene,Shrawley,CLIR,Capital Goods,NASDAQ,ClearSign Combustion Corporation,58510000,2999.64,1/2/2023,Low,Small,5
806,957,Tadeas,Woolis,HD,Consumer Services,NYSE,"Home Depot, Inc. (The)",187270000000,11127.23,1/2/2023,Low,Huge,1
809,962,Alethea,O'Hederscoll,TEL,Consumer Non-Durables,NYSE,TE Connectivity Ltd.,27940000000,76848.02,1/2/2023,Very High,Large,4
825,981,Winifield,Sibbet,V,Miscellaneous,NYSE,Visa Inc.,217120000000,47838.95,1/2/2023,Medium,Huge,4
842,999,Cory,Coopey,SWIN,,NASDAQ,ALPS/Dorsey Wright Sector Momentum ETF,6790000,28500.91,1/2/2023,Medium,Small,3
4,5,Collete,Kettlesing,EVAR,Health Care,NASDAQ,"Lombard Medical, Inc.",13040000,29170.58,1/3/2023,Medium,Small,5
15,18,Steffane,Giacopello,MRK,Health Care,NYSE,"Merck & Company, Inc.",172230000000,85268.38,1/3/2023,Very High,Huge,2
34,41,Penn,Zanazzi,INTC,Technology,NASDAQ,Intel Corporation,165800000000,63780.91,1/3/2023,High,Huge,4
35,42,Lorita,Rown,MBVX,Health Care,NASDAQ,"MabVax Therapeutics Holdings, Inc.",12190000,53448.17,1/3/2023,High,Small,4
40,49,Dallas,Godsal,FLIC,Finance,NASDAQ,The First of Long Island Corporation,665880000,1025.89,1/3/2023,Low,Medium,4
59,70,Jillene,Dawltrey,FIV,,NYSE,First Trust Senior Floating Rate 2022 Target Term Fund,324210000,26022.86,1/3/2023,Medium,Medium,4
76,93,Tiffi,Maidstone,IPAS,Technology,NASDAQ,iPass Inc.,94730000,27651.85,1/3/2023,Medium,Small,3
85,104,Georgetta,Kobisch,CNK,Consumer Services,NYSE,Cinemark Holdings Inc,4820000000,25187.78,1/3/2023,Medium,Large,5
92,111,Fancie,Lumb,BMRN,Health Care,NASDAQ,BioMarin Pharmaceutical Inc.,15440000000,75785.2,1/3/2023,Very High,Large,4
99,122,Fawn,Mesant,GIMO,Technology,NYSE,Gigamon Inc.,1460000000,25053.83,1/3/2023,Medium,Large,1
105,129,Krispin,Batey,AMCN,Technology,NASDAQ,AirMedia Group Inc,95780000,3021.0,1/3/2023,Low,Small,2
116,141,Stanley,Irnis,NEOS,Health Care,NASDAQ,"Neos Therapeutics, Inc.",195150000,75087.42,1/3/2023,Very High,Medium,1
117,142,Karlie,Bailles,NTAP,Technology,NASDAQ,"NetApp, Inc.",10290000000,52380.31,1/3/2023,High,Large,5
123,149,Hewett,Beincken,CERC,Health Care,NASDAQ,Cerecor Inc.,7180000,76531.63,1/3/2023,Very High,Small,3
129,157,Nadine,De Paepe,SGLB,Consumer Durables,NASDAQ,"Sigma Labs, Inc.",11290000,50359.58,1/3/2023,High,Small,1
133,161,Bettye,Woolam,TM,Capital Goods,NYSE,Toyota Motor Corp Ltd Ord,156020000000,32917.59,1/3/2023,Medium,Huge,2
142,170,Sib,Pannaman,RCS,,NYSE,"PIMCO Strategic Income Fund, Inc.",421640000,825.11,1/3/2023,Low,Medium,2
152,181,Griffy,Towlson,CTRE,Consumer Services,NASDAQ,"CareTrust REIT, Inc.",1400000000,50523.26,1/3/2023,High,Large,1
160,192,Izabel,Towlson,SPLS,Consumer Services,NASDAQ,"Staples, Inc.",5750000000,25095.06,1/3/2023,Medium,Large,3
161,194,Lion,Hamlington,TTOO,Health Care,NASDAQ,"T2 Biosystems, Inc.",106470000,1013.61,1/3/2023,Low,Medium,3
168,201,Pepi,Caughan,MLAB,Capital Goods,NASDAQ,"Mesa Laboratories, Inc.",529590000,26186.77,1/3/2023,Medium,Medium,5
180,214,Artur,Feldhuhn,CBS,Consumer Services,NYSE,CBS Corporation,25260000000,807.85,1/3/2023,Low,Large,5
184,218,Chet,Picopp,UL,Basic Industries,NYSE,Unilever PLC,157690000000,55931.48,1/3/2023,High,Huge,2
192,227,Flss,Simakov,UNH,Health Care,NYSE,UnitedHealth Group Incorporated,175030000000,17656.83,1/3/2023,Low,Huge,1
197,233,Drugi,Thurner,RLJ,Consumer Services,NYSE,RLJ Lodging Trust,2630000000,504.65,1/3/2023,Low,Large,4
206,245,Reggi,Halfacre,TYHT,Consumer Non-Durables,NASDAQ,"Shineco, Inc.",77200000,25512.58,1/3/2023,Medium,Small,1
222,266,Reggis,Sheryn,KHC,Consumer Non-Durables,NASDAQ,The Kraft Heinz Company,108870000000,29722.35,1/3/2023,Medium,Huge,1
277,329,Graham,Critoph,TORM          ,Basic Industries,NASDAQ,TOR Minerals International Inc,26920000,53006.78,1/3/2023,High,Small,3
295,352,Lola,Blaycock,CADC,Basic Industries,NASDAQ,"China Advanced Construction Materials Group, Inc.",5730000,26370.39,1/3/2023,Medium,Small,2
340,403,Jaynell,Leppingwell,CRC,Energy,NYSE,California Resources Corporation,441260000,591.99,1/3/2023,Low,Medium,1
341,404,Sibeal,Biever,NMR,Finance,NYSE,Nomura Holdings Inc ADR,21910000000,402.98,1/3/2023,Low,Large,3
349,413,Phebe,McKew,MSFT,Technology,NASDAQ,Microsoft Corporation,540440000000,64599.58,1/3/2023,High,Huge,5
350,414,Carrie,Elies,HWBK,Finance,NASDAQ,"Hawthorn Bancshares, Inc.",116770000,75612.56,1/3/2023,Very High,Medium,3
351,415,Tammy,Semaine,PLD,Consumer Services,NYSE,"Prologis, Inc.",30830000000,51829.28,1/3/2023,High,Large,2
364,431,Conrade,Matthaus,NGL,Energy,NYSE,NGL ENERGY PARTNERS LP,1480000000,75364.88,1/3/2023,Very High,Large,1
402,475,Blinny,Bruckental,TISA,Technology,NASDAQ,"Top Image Systems, Ltd.",22920000,78227.78,1/3/2023,Very High,Small,5
432,512,Alastair,Backes,FHCO,Basic Industries,NASDAQ,Female Health Company (The),36350000,1959.01,1/3/2023,Low,Small,1
433,513,Arny,Swatheridge,CFX,Capital Goods,NYSE,Colfax Corporation,4880000000,52261.41,1/3/2023,High,Large,4
439,519,Myca,Spittles,LEXEA,Consumer Services,NASDAQ,"Liberty Expedia Holdings, Inc.",2960000000,38.15,1/3/2023,Low,Large,2
466,554,Julina,Crean,ANW,Energy,NYSE,Aegean Marine Petroleum Network Inc.,224840000,25054.64,1/3/2023,Medium,Medium,1
479,568,Clemence,Grigg,STX,Technology,NASDAQ,Seagate Technology PLC,12470000000,2.16,1/3/2023,Low,Large,1
508,600,Wildon,FitzGibbon,IPHS,Consumer Durables,NASDAQ,"Innophos Holdings, Inc.",854420000,25103.54,1/3/2023,Medium,Medium,2
514,610,Herby,Derrington,PEI,Consumer Services,NYSE,Pennsylvania Real Estate Investment Trust,785280000,50297.22,1/3/2023,High,Medium,4
526,622,Mattheus,Kubalek,ARA,Health Care,NYSE,"American Renal Associates Holdings, Inc",569450000,50520.82,1/3/2023,High,Medium,5
545,646,Silvanus,Danskine,HSBC,Finance,NYSE,HSBC Holdings plc,176430000000,54830.51,1/3/2023,High,Huge,1
547,648,Kent,Mattis,GEC,Technology,NASDAQ,"Great Elm Capital Group, Inc. ",80040000,3042.23,1/3/2023,Low,Small,3
549,651,Wally,Offener,UNXL,Capital Goods,NASDAQ,"Uni-Pixel, Inc.",22770000,53936.67,1/3/2023,High,Small,5
554,656,Antoni,Rorke,GIII,Consumer Non-Durables,NASDAQ,"G-III Apparel Group, LTD.",1230000000,25068.45,1/3/2023,Medium,Large,2
582,690,Cecelia,Laflin,CDE,Basic Industries,NYSE,"Coeur Mining, Inc.",1520000000,52208.22,1/3/2023,High,Large,3
589,698,Etienne,Hazleton,HON,Capital Goods,NYSE,Honeywell International Inc.,102630000000,77741.94,1/3/2023,Very High,Huge,1
593,702,Arabella,Connechie,PN,Finance,NYSE,"Patriot National, Inc.",64459999,51100.14,1/3/2023,High,Small,2
629,742,Charla,FitzGeorge,SCYX,Health Care,NASDAQ,"SCYNEXIS, Inc.",42310000,3496.65,1/3/2023,Low,Small,5
632,745,Chrissy,Tiltman,SVVC,,NASDAQ,"Firsthand Technology Value Fund, Inc.",63460000,76318.1,1/3/2023,Very High,Small,2
638,752,Aili,Phillput,WFC,Finance,NYSE,Wells Fargo & Company,269310000000,23692.96,1/3/2023,Low,Huge,2
662,781,Worthington,Worgan,PROV,Finance,NASDAQ,"Provident Financial Holdings, Inc.",154120000,50088.06,1/3/2023,High,Medium,1
665,784,Mirella,Klementz,SGF,,NYSE,"Aberdeen Singapore Fund, Inc.",84330000,27972.79,1/3/2023,Medium,Small,4
667,786,Hillyer,Brownsett,NVS,Health Care,NYSE,Novartis AG,191210000000,99934.21,1/3/2023,Very High,Huge,3
675,795,Cyrill,Amar,RMTI,Health Care,NASDAQ,"Rockwell Medical, Inc.",405530000,25205.35,1/3/2023,Medium,Medium,3
681,803,Danette,Vlasov,IDTI,Technology,NASDAQ,"Integrated Device Technology, Inc.",3260000000,75455.43,1/3/2023,Very High,Large,3
690,816,Candida,Duff,BFZ,,NYSE,BlackRock California Municipal Income Trust,461950000,75127.11,1/3/2023,Very High,Medium,2
719,849,Yoko,Blacktin,QURE,Health Care,NASDAQ,uniQure N.V.,127380000,75641.39,1/3/2023,Very High,Medium,4
771,908,Gardener,Garrett,USNA,Consumer Durables,NYSE,"USANA Health Sciences, Inc.",1600000000,25126.52,1/3/2023,Medium,Large,4
777,914,Ursulina,Hain,AFT,,NYSE,Apollo Senior Floating Rate Fund Inc.,265680000,1192.97,1/3/2023,Low,Medium,5
794,935,Kitti,Waddell,SCWX,Technology,NASDAQ,SecureWorks Corp.,749120000,50242.16,1/3/2023,High,Medium,2
797,938,Nonnah,Elgee,SELF,Consumer Services,NASDAQ,"Global Self Storage, Inc.",38250000,78014.29,1/3/2023,Very High,Small,4
804,946,Hersh,Gerty,GBX,Capital Goods,NYSE,"Greenbrier Companies, Inc. (The)",1350000000,75956.66,1/3/2023,Very High,Large,5
819,964,Zorana,Giabuzzi,FTXR,,NASDAQ,First Trust Nasdaq Transportation ETF,2400000,3245.62,1/3/2023,Low,Small,4
821,967,Serena,Kovalski,ORCL,Technology,NYSE,Oracle Corporation,185530000000,62188.07,1/3/2023,High,Huge,3
824,970,Kariotta,Zannelli,LAND,Consumer Services,NASDAQ,Gladstone Land Corporation,133560000,50283.88,1/3/2023,High,Medium,3
836,983,Faydra,Adicot,IHC,Finance,NYSE,Independence Holding Company,330010000,76352.94,1/3/2023,Very High,Medium,5
837,984,Linet,Dinzey,ROK,Capital Goods,NYSE,"Rockwell Automation, Inc.",21140000000,75378.29,1/3/2023,Very High,Large,2
852,1000,Revkah,Flockhart,DRWI,Public Utilities,NASDAQ,DragonWave Inc,7230000,76222.36,1/3/2023,Very High,Small,1
22,26,Elfreda,Hayden,ACST,Health Care,NASDAQ,"Acasti Pharma, Inc.",18980000,4914.47,1/4/2023,Low,Small,5
33,39,Maddalena,Haysar,PTR,Energy,NYSE,PetroChina Company Limited,116380000000,40852.83,1/4/2023,Medium,Huge,2
40,48,Caterina,Woodfine,THLD,Health Care,NASDAQ,"Threshold Pharmaceuticals, Inc.",27590000,52620.39,1/4/2023,High,Small,4
45,53,Egor,Dearing,RBS,Finance,NYSE,Royal Bank Scotland plc (The),37920000000,1249.83,1/4/2023,Low,Large,5
88,101,Michel,Dillon,SSKN,Health Care,NASDAQ,"Strata Skin Sciences, Inc.",6360000,79625.26,1/4/2023,Very High,Small,5
90,103,Danny,Lindeboom,JHB,,NYSE,Nuveen High Income November 2021 Target Term Fund,568210000,350.74,1/4/2023,Low,Medium,3
112,132,Lara,Connechy,LPI,Energy,NYSE,"Laredo Petroleum, Inc.",2580000000,25622.9,1/4/2023,Medium,Large,4
119,139,Warner,Pacitti,CBIO,Health Care,NASDAQ,"Catalyst Biosciences, Inc. ",18830000,26984.15,1/4/2023,Medium,Small,5
130,151,Dot,Chelsom,TENX,Health Care,NASDAQ,"Tenax Therapeutics, Inc.",14890000,3837.03,1/4/2023,Low,Small,4
136,158,Stacey,Hagwood,PIR,Consumer Services,NYSE,"Pier 1 Imports, Inc.",468420000,75896.64,1/4/2023,Very High,Medium,3
144,166,Antonella,Tregien,QQQ,,NASDAQ,"PowerShares QQQ Trust, Series 1",50090000000,50543.62,1/4/2023,High,Large,3
159,184,Garrott,Rehm,NYNY,Consumer Services,NASDAQ,"Empire Resorts, Inc.",757600000,75427.23,1/4/2023,Very High,Medium,2
160,185,Gustaf,Goffe,RCI,Consumer Services,NYSE,"Rogers Communication, Inc.",18930000000,75026.89,1/4/2023,Very High,Large,1
179,207,Sybille,Dollin,SPE,,NYSE,Special Opportunities Fund Inc.,128560000,76453.83,1/4/2023,Very High,Medium,4
188,216,Hermon,Quixley,IRMD,Health Care,NASDAQ,iRadimed Corporation,92990000,76443.35,1/4/2023,Very High,Small,2
197,228,Milty,Milne,EGIF,,NYSE,Eagle Growth and Income Opportunities Fund,123200000,50919.87,1/4/2023,High,Medium,5
199,232,Christos,McClenaghan,ORCL,Technology,NYSE,Oracle Corporation,185530000000,90852.97,1/4/2023,Very High,Huge,5
200,233,Courtney,Rivenzon,VYMI,,NASDAQ,Vanguard International High Dividend Yield ETF,371880000,28032.38,1/4/2023,Medium,Medium,5
214,250,Glynis,Deverille,MTP,Health Care,NASDAQ,Midatech Pharma PLC,65989999,53427.96,1/4/2023,High,Small,5
226,267,Lazaro,Imlach,GE,Energy,NYSE,General Electric Company,251830000000,79900.69,1/4/2023,Very High,Huge,1
228,269,Garth,Luckie,NH,Technology,NASDAQ,"NantHealth, Inc.",434350000,721.34,1/4/2023,Low,Medium,4
244,289,Juana,Imrie,HBK,Finance,NASDAQ,"Hamilton Bancorp, Inc.",49800000,51936.56,1/4/2023,High,Small,3
262,311,Ericha,Gallager,HMY,Basic Industries,NYSE,Harmony Gold Mining Company Limited,734960000,76834.22,1/4/2023,Very High,Medium,5
275,325,Torrance,Haveline,SJR,Consumer Services,NYSE,Shaw Communications Inc.,10720000000,25011.97,1/4/2023,Medium,Large,1
279,330,Lorianne,Hantusch,SNY,Health Care,NYSE,Sanofi,123340000000,4933.43,1/4/2023,Low,Huge,1
287,343,Marga,Rudd,MRK,Health Care,NYSE,"Merck & Company, Inc.",172230000000,87754.61,1/4/2023,Very High,Huge,4
289,345,Kaspar,Mann,IIF,,NYSE,"Morgan Stanley India Investment Fund, Inc.",491370000,50126.68,1/4/2023,High,Medium,1
297,353,Peggy,Ivanin,GALT,Health Care,NASDAQ,Galectin Therapeutics Inc.,81480000,3471.33,1/4/2023,Low,Small,3
320,382,Dehlia,Asee,CMTL,Technology,NASDAQ,Comtech Telecommunications Corp.,448070000,75041.66,1/4/2023,Very High,Medium,1
325,389,Taffy,Pedron,THC,Health Care,NYSE,Tenet Healthcare Corporation,1830000000,197.73,1/4/2023,Low,Large,1
334,398,Law,Roberson,CVX,Energy,NYSE,Chevron Corporation,205280000000,29937.46,1/4/2023,Medium,Huge,1
340,406,Edvard,Vasyuchov,ASV,Capital Goods,NASDAQ,"ASV Holdings, Inc.",79180000,26571.78,1/4/2023,Medium,Small,3
341,407,Frants,Stearn,LGCYP,Energy,NASDAQ,Legacy Reserves LP,13080000,50088.8,1/4/2023,High,Small,2
350,418,Jayme,Seilmann,ATRC,Health Care,NASDAQ,"AtriCure, Inc.",741390000,50759.13,1/4/2023,High,Medium,4
373,445,Sybyl,Chawkley,DSLV,Finance,NASDAQ,VelocityShares 3x Inverse Silver ETN,23720000,50032.8,1/4/2023,High,Small,1
378,450,Karel,Buckland,GLOP,Consumer Services,NYSE,GasLog Partners LP,855220000,28015.13,1/4/2023,Medium,Medium,4
396,469,Mendy,Emmitt,IR,Capital Goods,NYSE,Ingersoll-Rand plc (Ireland),23640000000,25413.85,1/4/2023,Medium,Large,3
410,486,Dorine,Backsal,CMCSA,Consumer Services,NASDAQ,Comcast Corporation,195790000000,73906.69,1/4/2023,High,Huge,2
420,498,Lorin,Trevenu,CNXC,Energy,NYSE,CNX Coal Resources LP,369780000,26686.2,1/4/2023,Medium,Medium,3
429,508,Abbe,Kmicicki,SHW,Consumer Services,NYSE,Sherwin-Williams Company (The),32650000000,75303.83,1/4/2023,Very High,Large,2
434,513,Georgianne,Slopier,SFL,Transportation,NYSE,Ship Finance International Limited,1290000000,50505.52,1/4/2023,High,Large,2
453,537,Phyllys,Gilleon,PTC,Technology,NASDAQ,PTC Inc.,6600000000,51053.45,1/4/2023,High,Large,4
481,571,Woodrow,Etheredge,JAX,Consumer Services,NYSE,"J. Alexander's Holdings, Inc.",172670000,181.72,1/4/2023,Low,Medium,1
504,599,Pernell,Kelsow,KMPR,Finance,NYSE,Kemper Corporation,2049999999,75616.29,1/4/2023,Very High,Large,4
511,607,Toby,Kerans,QTM,Technology,NYSE,Quantum Corporation,246490000,25118.04,1/4/2023,Medium,Medium,2
541,644,Petunia,McGerr,GSOL,Consumer Services,NASDAQ,Global Sources Ltd.,488080000,25044.04,1/4/2023,Medium,Medium,1
552,655,Lowe,Gowler,CEE,,NYSE,"Central Europe, Russia and Turkey Fund, Inc. (The)",164460000,50154.4,1/4/2023,High,Medium,2
565,669,Klarrisa,Gaither,IIJI,Technology,NASDAQ,"Internet Initiative Japan, Inc.",814690000,50238.67,1/4/2023,High,Medium,3
569,674,Cal,O'Lochan,IFF,Basic Industries,NYSE,"Internationa Flavors & Fragrances, Inc.",10630000000,25629.54,1/4/2023,Medium,Large,5
579,685,Amanda,Coatham,BL,,NASDAQ,"BlackLine, Inc.",1810000000,50355.39,1/4/2023,High,Large,1
599,710,Gusta,Mc Menamin,CFRX,Health Care,NASDAQ,ContraFect Corporation,47900000,78642.07,1/4/2023,Very High,Small,3
603,716,Bettine,Burgh,TIG,Health Care,NASDAQ,TiGenix,103100000000,85697.37,1/4/2023,Very High,Huge,3
605,719,Andras,Toth,CMCSA,Consumer Services,NASDAQ,Comcast Corporation,195790000000,81907.58,1/4/2023,Very High,Huge,2
614,728,Brana,Di Angelo,PI,Capital Goods,NASDAQ,"Impinj, Inc.",1150000000,1207.37,1/4/2023,Low,Large,4
643,762,Perry,Vodden,EQGP,Public Utilities,NYSE,"EQT GP Holdings, LP",6640000000,25288.51,1/4/2023,Medium,Large,2
650,770,Aubine,Aubin,PFE,Health Care,NYSE,"Pfizer, Inc.",196760000000,72346.96,1/4/2023,High,Huge,1
667,791,Chad,Robbert,CFRX,Health Care,NASDAQ,ContraFect Corporation,47900000,75224.96,1/4/2023,Very High,Small,1
668,792,Idell,Bendel,SPCB,Technology,NASDAQ,"SuperCom, Ltd.",42870000,26658.37,1/4/2023,Medium,Small,4
682,806,Mandy,O'Fogarty,SEAS,Consumer Services,NYSE,"SeaWorld Entertainment, Inc.",1490000000,75334.74,1/4/2023,Very High,Large,3
684,809,Carissa,Allner,CWCO,Public Utilities,NASDAQ,Consolidated Water Co. Ltd.,184630000,241.04,1/4/2023,Low,Medium,2
689,815,Brendin,Scholer,BA,Capital Goods,NYSE,Boeing Company (The),118570000000,48273.04,1/4/2023,Medium,Huge,3
719,852,Adolphe,Fiddymont,IRMD,Health Care,NASDAQ,iRadimed Corporation,92990000,78972.68,1/4/2023,Very High,Small,4
720,853,Lavinie,Coughan,ISNS,Capital Goods,NASDAQ,"Image Sensing Systems, Inc.",16990000,25983.73,1/4/2023,Medium,Small,2
724,857,Bobbee,Christal,TARO,Health Care,NYSE,Taro Pharmaceutical Industries Ltd.,4570000000,51155.63,1/4/2023,High,Large,5
749,885,Ginnifer,Lukins,PFIS,Finance,NASDAQ,Peoples Financial Services Corp. ,325510000,966.0,1/4/2023,Low,Medium,5
769,910,Raven,Friberg,MDVX,Health Care,NASDAQ,Medovex Corp.,18220000,2267.97,1/4/2023,Low,Small,2
776,919,Miguel,Vasilechko,SYNA,Technology,NASDAQ,Synaptics Incorporated,1810000000,1114.7,1/4/2023,Low,Large,3
778,922,Maire,Fuentes,NTL,Public Utilities,NYSE,Nortel Inversora SA,4150000000,1079.72,1/4/2023,Low,Large,2
789,936,Jarrett,Casolla,CORE,Consumer Non-Durables,NASDAQ,"Core-Mark Holding Company, Inc.",1590000000,76016.41,1/4/2023,Very High,Large,5
794,941,Claudius,Talman,SWIN,,NASDAQ,ALPS/Dorsey Wright Sector Momentum ETF,6790000,25409.09,1/4/2023,Medium,Small,1
813,965,Mersey,Chevolleau,CLWT,Consumer Durables,NASDAQ,Euro Tech Holdings Company Limited,6080000,596.81,1/4/2023,Low,Small,1
3,4,Verney,Giacobillo,MMM,Health Care,NYSE,3M Company,127360000000,96110.73,1/5/2023,Very High,Huge,2
22,28,Greer,Dubock,USM,Public Utilities,NYSE,United States Cellular Corporation,3300000000,77701.24,1/5/2023,Very High,Large,5
39,49,Maurie,Millom,MLCO,Consumer Services,NASDAQ,Melco Resorts & Entertainment Limited,11170000000,25890.27,1/5/2023,Medium,Large,2
42,54,Vlad,Saward,DGLT,Technology,NASDAQ,"Digiliti Money Group, Inc.",31110000,75331.89,1/5/2023,Very High,Small,1
50,63,Del,Beckett,BSE,,NYSE,Blackrock New York Municipal Income Quality Trust,87890000,26154.72,1/5/2023,Medium,Small,5
59,76,Kendal,Scamadine,TLP,Energy,NYSE,TransMontaigne Partners L.P.,664710000,2715.92,1/5/2023,Low,Medium,5
72,94,Richard,Eaves,MMM,Health Care,NYSE,3M Company,127360000000,60479.11,1/5/2023,High,Huge,4
74,96,Lev,O'Bradain,ALJJ,Miscellaneous,NASDAQ,"ALJ Regional Holdings, Inc.",113530000,75277.32,1/5/2023,Very High,Medium,3
98,128,Torrey,MacAlees,UGLD,Finance,NASDAQ,VelocityShares 3x Long Gold ETN,97380000,25118.89,1/5/2023,Medium,Small,2
114,148,Zelda,Tongue,CRME,Health Care,NASDAQ,Cardiome Pharma Corporation,125470000,1793.43,1/5/2023,Low,Medium,3
125,159,Tanny,Boutwell,TAPR,Finance,NASDAQ,Barclays Inverse US Treasury Composite ETN,14790000,76092.84,1/5/2023,Very High,Small,3
147,186,Leisha,Chevolleau,AKRX,Health Care,NASDAQ,"Akorn, Inc.",4170000000,1762.02,1/5/2023,Low,Large,4
148,187,Karoly,Kynoch,RFEM,,NASDAQ,First Trust RiverFront Dynamic Emerging Markets ETF,31030000,4546.92,1/5/2023,Low,Small,5
151,190,Lesli,Flewitt,MCD,Consumer Services,NYSE,McDonald's Corporation,123880000000,57256.94,1/5/2023,High,Huge,2
166,207,Gordy,Blaxley,MGCD,Health Care,NASDAQ,MGC Diagnostics Corporation,34630000,51668.99,1/5/2023,High,Small,5
187,235,Deeanne,Tremathack,BNSO,Capital Goods,NASDAQ,"Bonso Electronics International, Inc.",12630000,50299.48,1/5/2023,High,Small,2
206,256,Erskine,Enstone,ACST,Health Care,NASDAQ,"Acasti Pharma, Inc.",18980000,50576.61,1/5/2023,High,Small,3
207,257,Tyrone,Mathevet,AGN,Health Care,NYSE,Allergan plc.,79090000000,50905.13,1/5/2023,High,Large,5
210,263,Gert,Sproat,IBA,Consumer Non-Durables,NYSE,"Industrias Bachoco, S.A. de C.V.",2860000000,82.52,1/5/2023,Low,Large,1
215,268,Sher,Bragginton,DSWL,Consumer Non-Durables,NASDAQ,"Deswell Industries, Inc.",32920000,50255.37,1/5/2023,High,Small,1
217,270,Querida,Cicerone,RILY,Miscellaneous,NASDAQ,"B. Riley Financial, Inc.",410140000,75358.18,1/5/2023,Very High,Medium,4
262,324,Nicholas,Gurley,NFEC,Capital Goods,NASDAQ,NF Energy Saving Corporation,6650000,1552.64,1/5/2023,Low,Small,2
265,327,Libbey,Extal,GPRK,Energy,NYSE,Geopark Ltd,449750000,50121.96,1/5/2023,High,Medium,2
274,339,Jelene,Glyn,MBII,Basic Industries,NASDAQ,"Marrone Bio Innovations, Inc.",32290000,4213.5,1/5/2023,Low,Small,4
276,341,Vinnie,Snellman,PTR,Energy,NYSE,PetroChina Company Limited,116380000000,29397.19,1/5/2023,Medium,Huge,1
285,351,Beilul,Wardhaw,DOX,Technology,NASDAQ,Amdocs Limited,9480000000,568.22,1/5/2023,Low,Large,3
312,386,Camellia,Curr,OZRK,Finance,NASDAQ,Bank of the Ozarks,6200000000,75049.36,1/5/2023,Very High,Large,2
334,415,Ferdie,Edger,KO,Consumer Non-Durables,NYSE,Coca-Cola Company (The),193590000000,94005.53,1/5/2023,Very High,Huge,1
342,427,Jo,Iacobucci,BKK,,NYSE,Blackrock Municipal 2020 Term Trust,320350000,75070.67,1/5/2023,Very High,Medium,1
367,455,Yoko,Rother,USATP,Miscellaneous,NASDAQ,"USA Technologies, Inc.",10910000,75703.02,1/5/2023,Very High,Small,2
370,460,Logan,Prettyjohns,PTR,Energy,NYSE,PetroChina Company Limited,116380000000,62771.16,1/5/2023,High,Huge,5
373,464,Ernest,Dovidaitis,BST,,NYSE,BlackRock Science and Technology Trust,503270000,1009.55,1/5/2023,Low,Medium,2
389,482,Timmy,Raffles,SRET,,NASDAQ,Global X SuperDividend REIT ETF,3090000,78938.86,1/5/2023,Very High,Small,4
402,497,Min,Nuth,MIK,Consumer Services,NASDAQ,"The Michaels Companies, Inc.",3530000000,26811.86,1/5/2023,Medium,Large,4
408,505,Edward,Beddingham,JHI,,NYSE,John Hancock Investors Trust,152460000,2210.61,1/5/2023,Low,Medium,4
413,511,Dev,Whitmarsh,OAKS,Consumer Services,NYSE,Five Oaks Investment Corp.,80860000,50656.66,1/5/2023,High,Small,4
426,527,Ebeneser,Claybourne,IGLD,Public Utilities,NASDAQ,Internet Gold Golden Lines Ltd.,213580000,50949.58,1/5/2023,High,Medium,4
431,534,Alane,Offiler,CATO,Consumer Services,NYSE,Cato Corporation (The),458450000,50046.94,1/5/2023,High,Medium,1
453,559,Ursulina,Peerman,IIVI,Capital Goods,NASDAQ,II-VI Incorporated,2109999999,50251.28,1/5/2023,High,Large,2
460,569,Wadsworth,Render,NYCB,Finance,NYSE,"New York Community Bancorp, Inc.",6500000000,326.23,1/5/2023,Low,Large,2
474,586,Elle,Cosgrove,SSNT,Miscellaneous,NASDAQ,"SilverSun Technologies, Inc.",16120000,80044.05,1/5/2023,Very High,Small,5
475,587,Kathy,Goodreid,VRSN,Technology,NASDAQ,"VeriSign, Inc.",9380000000,50120.82,1/5/2023,High,Large,1
478,591,Miof mela,Leverett,PB,Finance,NYSE,"Prosperity Bancshares, Inc.",4590000000,75016.05,1/5/2023,Very High,Large,1
496,614,Jamil,Pionter,IDLB,,NASDAQ,PowerShares FTSE International Low Beta Equal Weight Portfolio,151510000,576.74,1/5/2023,Low,Medium,1
500,619,Dreddy,Hurlin,MRK,Health Care,NYSE,"Merck & Company, Inc.",172230000000,7712.91,1/5/2023,Low,Huge,1
510,632,Baron,Oakwood,NUTR,Consumer Durables,NASDAQ,Nutraceutical International Corporation,384670000,25615.74,1/5/2023,Medium,Medium,2
521,644,Burg,Phoenix,UBSH,Finance,NASDAQ,Union Bankshares Corporation,1530000000,27089.22,1/5/2023,Medium,Large,5
524,647,Sheila,Steenson,HRI,,NYSE,Herc Holdings Inc.,1060000000,77686.39,1/5/2023,Very High,Large,4
535,660,Mikol,Goodbur,BTZ,,NYSE,BlackRock Credit Allocation Income Trust,1450000000,50822.09,1/5/2023,High,Large,3
537,662,Karlotta,Barrett,SCLN,Health Care,NASDAQ,"SciClone Pharmaceuticals, Inc.",567100000,76219.76,1/5/2023,Very High,Medium,5
550,678,Jerrilyn,Scammell,NVS,Health Care,NYSE,Novartis AG,191210000000,53742.1,1/5/2023,High,Huge,1
564,694,Stearn,Cazereau,OPXA,Health Care,NASDAQ,"Opexa Therapeutics, Inc.",4580000,25273.79,1/5/2023,Medium,Small,3
591,731,Stillmann,Elphick,IBM,Technology,NYSE,International Business Machines Corporation,145980000000,59375.02,1/5/2023,High,Huge,3
606,752,Dick,Coath,SGF,,NYSE,"Aberdeen Singapore Fund, Inc.",84330000,2235.77,1/5/2023,Low,Small,3
635,791,Dill,Ettritch,EDAP,Health Care,NASDAQ,EDAP TMS S.A.,105140000,75193.42,1/5/2023,Very High,Medium,2
649,811,Arlen,Grinikhin,TWLO,Technology,NYSE,Twilio Inc.,2430000000,1849.39,1/5/2023,Low,Large,5
650,813,Drugi,Beckham,ITEK,Health Care,NASDAQ,Inotek Pharmaceuticals Corporation,50600000,17.77,1/5/2023,Low,Small,1
658,824,Jens,Desmond,EGRX,Health Care,NASDAQ,"Eagle Pharmaceuticals, Inc.",1120000000,26690.62,1/5/2023,Medium,Large,3
659,826,Rhett,Armand,ESS,Consumer Services,NYSE,"Essex Property Trust, Inc.",17470000000,25091.81,1/5/2023,Medium,Large,1
661,828,Feodor,Kornacki,PTCT,Health Care,NASDAQ,"PTC Therapeutics, Inc.",700740000,50912.64,1/5/2023,High,Medium,3
666,835,Tobey,Bowler,MMSI,Health Care,NASDAQ,"Merit Medical Systems, Inc.",1760000000,75146.71,1/5/2023,Very High,Large,3
671,842,Emmit,Whordley,MKL,Finance,NYSE,Markel Corporation,13700000000,50866.22,1/5/2023,High,Large,4
685,858,Malia,McVeigh,CHI,,NASDAQ,Calamos Convertible Opportunities and Income Fund,786070000,26881.38,1/5/2023,Medium,Medium,5
692,867,Sayers,Beeching,PCQ,,NYSE,PIMCO California Municipal Income Fund,315400000,51187.51,1/5/2023,High,Medium,5
693,868,Christos,Blaycock,RVEN,Consumer Services,NASDAQ,"Reven Housing REIT, Inc.",61720000,25931.54,1/5/2023,Medium,Small,4
699,875,Dudley,Flippini,GGT,,NYSE,Gabelli Multi-Media Trust Inc. (The),212450000,25570.65,1/5/2023,Medium,Medium,1
709,886,Stephan,Wegman,ANH,Consumer Services,NYSE,Anworth Mortgage Asset  Corporation,600570000,26108.38,1/5/2023,Medium,Medium,4
717,894,Mitzi,Scurrer,ZIOP,Health Care,NASDAQ,ZIOPHARM Oncology Inc,763030000,25808.11,1/5/2023,Medium,Medium,3
798,990,Roger,Westfalen,DSLV,Finance,NASDAQ,VelocityShares 3x Inverse Silver ETN,23720000,25032.54,1/5/2023,Medium,Small,1
5,7,Justen,Eliyahu,KHC,Consumer Non-Durables,NASDAQ,The Kraft Heinz Company,108870000000,46371.32,1/6/2023,Medium,Huge,2
34,46,Miranda,Spatari,MPO,Energy,NYSE,"MIDSTATES PETROLEUM COMPANY, INC.",364190000,75098.16,1/6/2023,Very High,Medium,1
49,68,Cassandre,Grout,SAP,Technology,NYSE,SAP SE,126800000000,82246.47,1/6/2023,Very High,Huge,1
110,149,Honey,Bettenay,MATX,Consumer Services,NYSE,"Matson, Inc.",1300000000,25305.48,1/6/2023,Medium,Large,2
120,160,Pietro,Trevino,OVAS,Health Care,NASDAQ,OvaScience Inc.,48500000,1142.38,1/6/2023,Low,Small,1
121,163,Evangelia,Westhoff,SVBI,Finance,NASDAQ,Severn Bancorp Inc,86110000,1576.61,1/6/2023,Low,Small,3
127,169,Gabriel,Quarlis,DAN,Capital Goods,NYSE,Dana Incorporated,3180000000,50046.33,1/6/2023,High,Large,1
164,208,Geordie,Fancourt,WSBC,Finance,NASDAQ,"WesBanco, Inc.",1750000000,25654.6,1/6/2023,Medium,Large,5
169,215,Iolanthe,Prazor,CLCT,Miscellaneous,NASDAQ,"Collectors Universe, Inc.",225700000,76231.2,1/6/2023,Very High,Medium,3
176,227,Toby,Neubigin,MASI,Health Care,NASDAQ,Masimo Corporation,4690000000,209.13,1/6/2023,Low,Large,1
180,231,Kalina,Kennford,INDY,,NASDAQ,iShares S&P India Nifty 50 Index Fund,904290000,50236.22,1/6/2023,High,Medium,2
197,248,Essy,Kaysor,SNY,Health Care,NYSE,Sanofi,123340000000,62990.84,1/6/2023,High,Huge,1
214,270,Matty,Le-Good,BOTJ,Finance,NASDAQ,"Bank of the James Financial Group, Inc.",67870000,26863.6,1/6/2023,Medium,Small,2
217,273,Celestyn,Nicholes,SBOT,Health Care,NASDAQ,"Stellar Biotechnologies, Inc.",11350000,76410.5,1/6/2023,Very High,Small,3
218,274,Jolyn,Boullin,TAL,Consumer Services,NYSE,TAL Education Group,9560000000,76275.91,1/6/2023,Very High,Large,2
219,275,Keriann,Ronald,TDG,Capital Goods,NYSE,Transdigm Group Incorporated,14060000000,50902.21,1/6/2023,High,Large,3
227,283,Kenyon,Westfalen,CSTE,Capital Goods,NASDAQ,Caesarstone Ltd.,1170000000,428.94,1/6/2023,Low,Large,5
239,297,Ethyl,Van der Hoeven,JNJ,Health Care,NYSE,Johnson & Johnson,361920000000,63276.99,1/6/2023,High,Huge,2
256,320,Gar,Baddeley,STML,Health Care,NASDAQ,"Stemline Therapeutics, Inc.",208460000,50381.71,1/6/2023,High,Medium,3
268,334,Kristal,Stedmond,DCUC,Public Utilities,NYSE,"Dominion Energy, Inc.",32020000000,76106.76,1/6/2023,Very High,Large,1
276,343,Matthieu,Parkyns,OESX,Consumer Durables,NASDAQ,"Orion Energy Systems, Inc.",38190000,1418.91,1/6/2023,Low,Small,2
283,353,Shaylynn,Maltby,AVB,Consumer Services,NYSE,"AvalonBay Communities, Inc.",27020000000,51336.14,1/6/2023,High,Large,5
319,399,Laurena,Teffrey,GME,Consumer Services,NYSE,Gamestop Corporation,2089999999,211.65,1/6/2023,Low,Large,2
332,412,Blanch,Cosans,RBCN,Technology,NASDAQ,"Rubicon Technology, Inc.",24450000,75961.05,1/6/2023,Very High,Small,2
337,418,Georgianne,Colebrook,EACQ,Capital Goods,NASDAQ,Easterly Acquisition Corp.,251250000,50575.68,1/6/2023,High,Medium,4
353,435,Hamel,Croci,AA,Capital Goods,NYSE,Alcoa Corporation,5530000000,50391.82,1/6/2023,High,Large,2
385,468,Alysia,Woollacott,WIRE,Capital Goods,NASDAQ,Encore Wire Corporation,896340000,76309.73,1/6/2023,Very High,Medium,4
390,473,Minnie,Tothacot,OFLX,Capital Goods,NASDAQ,"Omega Flex, Inc.",652540000,513.11,1/6/2023,Low,Medium,5
393,476,Darwin,Stallworthy,CSF,,NASDAQ,VictoryShares US Discovery Enhanced Volatility Wtd ETF,22730000,77502.03,1/6/2023,Very High,Small,5
413,499,Lynette,Everitt,PBNC,Finance,NASDAQ,Paragon Commercial Corporation,293530000,75696.39,1/6/2023,Very High,Medium,2
414,500,Augusto,Trebilcock,UNH,Health Care,NYSE,UnitedHealth Group Incorporated,175030000000,42275.72,1/6/2023,Medium,Huge,1
420,509,Chicky,Louys,GOGL,Consumer Services,NASDAQ,Golden Ocean Group Limited,715780000,50006.84,1/6/2023,High,Medium,1
424,515,Jessie,Iron,APB,,NYSE,"Asia Pacific Fund, Inc. (The)",130229999,139.07,1/6/2023,Low,Medium,2
440,533,Bogey,Clash,ADC,Consumer Services,NYSE,Agree Realty Corporation,1260000000,284.27,1/6/2023,Low,Large,3
450,547,Elset,Bickerstaff,RBPAA,Finance,NASDAQ,"Royal Bancshares of Pennsylvania, Inc.",126830000,26322.35,1/6/2023,Medium,Medium,5
462,561,Simeon,Ambrozik,CNXN,Consumer Services,NASDAQ,"PC Connection, Inc.",700070000,50649.11,1/6/2023,High,Medium,5
474,574,Boote,McCreadie,LAYN,Basic Industries,NASDAQ,Layne Christensen Company,173340000,26289.87,1/6/2023,Medium,Medium,4
486,589,Dunstan,Stroulger,VZ,Public Utilities,NYSE,Verizon Communications Inc.,190220000000,7682.81,1/6/2023,Low,Huge,1
501,610,Wendall,Bernardeschi,ICPT,Health Care,NASDAQ,"Intercept Pharmaceuticals, Inc.",2960000000,51193.13,1/6/2023,High,Large,4
502,613,Eleanore,Burehill,NCI,Consumer Services,NYSE,"Navigant Consulting, Inc.",938830000,309.74,1/6/2023,Low,Medium,3
504,616,Holly-anne,Ishchenko,GENY,,NASDAQ,Principal Millennials Index ETF,7260000,2456.65,1/6/2023,Low,Small,4
521,637,Alanna,Mc Ilwrick,TTI,Energy,NYSE,"Tetra Technologies, Inc.",364090000,94.25,1/6/2023,Low,Medium,1
527,643,Allister,Cawcutt,COUP,Technology,NASDAQ,Coupa Software Incorporated,1650000000,25180.68,1/6/2023,Medium,Large,1
528,644,Alisa,Casemore,NRT,Energy,NYSE,North European Oil Royality Trust,61210000,50866.59,1/6/2023,High,Small,2
538,657,Town,Nockalls,V,Miscellaneous,NYSE,Visa Inc.,217120000000,92173.88,1/6/2023,Very High,Huge,2
544,664,Honoria,Holsey,AZZ,Consumer Durables,NYSE,AZZ Inc.,1470000000,419.1,1/6/2023,Low,Large,4
554,677,Dwain,Venditto,OPXA,Health Care,NASDAQ,"Opexa Therapeutics, Inc.",4580000,25737.52,1/6/2023,Medium,Small,1
570,695,Edee,Wilshin,DLTH,Consumer Services,NASDAQ,Duluth Holdings Inc.,558540000,76414.6,1/6/2023,Very High,Medium,5
573,701,Francisca,Leve,PSET,,NASDAQ,Principal Price Setters Index ETF,7240000,52407.54,1/6/2023,High,Small,4
591,721,Troy,Puckham,OSBC,Finance,NASDAQ,"Old Second Bancorp, Inc.",354970000,472.23,1/6/2023,Low,Medium,4
609,747,Chuck,Hedingham,DIS,Consumer Services,NYSE,Walt Disney Company (The),165110000000,14255.13,1/6/2023,Low,Huge,2
637,778,Esta,Murty,PBBI,Finance,NASDAQ,"PB Bancorp, Inc.",81840000,75149.99,1/6/2023,Very High,Small,1
640,782,Mildrid,Coolson,LZB,Consumer Durables,NYSE,La-Z-Boy Incorporated,1320000000,25595.95,1/6/2023,Medium,Large,4
648,792,Caresse,Slimmon,LINU,Consumer Services,NASDAQ,LiNiu Technology Group,40170000,77010.19,1/6/2023,Very High,Small,4
666,810,Luelle,La Rosa,DGLD,Finance,NASDAQ,VelocityShares 3x Inverse Gold ETN,18660000,27277.52,1/6/2023,Medium,Small,4
668,812,Riki,Ivins,RNR,Finance,NYSE,RenaissanceRe Holdings Ltd.,5770000000,76785.74,1/6/2023,Very High,Large,3
708,856,Meggie,Gillan,GSBC,Finance,NASDAQ,"Great Southern Bancorp, Inc.",750070000,25991.62,1/6/2023,Medium,Medium,3
719,868,Lorry,Middlebrook,CHCI,Capital Goods,NASDAQ,"Comstock Holding Companies, Inc.",6740000,53386.44,1/6/2023,High,Small,5
734,885,Theda,Leaney,CTIB,Basic Industries,NASDAQ,CTI Industries Corporation,21030000,28245.0,1/6/2023,Medium,Small,5
747,899,Octavia,Becom,CIVB,Finance,NASDAQ,"Civista Bancshares, Inc. ",204100000,25741.39,1/6/2023,Medium,Medium,2
754,908,Nichole,Michell,CYTX,Health Care,NASDAQ,Cytori Therapeutics Inc,31830000,50509.57,1/6/2023,High,Small,1
766,922,Innis,Fairburne,OTEL,Public Utilities,NASDAQ,Otelco Inc.,26610000,51467.9,1/6/2023,High,Small,3
779,936,Lennard,Indgs,DORM,Capital Goods,NASDAQ,"Dorman Products, Inc.",2710000000,25449.22,1/6/2023,Medium,Large,3
799,958,Reg,Janikowski,NRT,Energy,NYSE,North European Oil Royality Trust,61210000,2886.87,1/6/2023,Low,Small,5
804,964,Justinn,Clegg,ZOES,Consumer Services,NYSE,"Zoe's Kitchen, Inc.",262320000,25188.69,1/6/2023,Medium,Medium,1
815,979,Gavra,O'Coskerry,KFFB,Finance,NASDAQ,Kentucky First Federal Bancorp,81490000,26964.61,1/6/2023,Medium,Small,3
824,990,Madelaine,Cassy,SPLS,Consumer Services,NASDAQ,"Staples, Inc.",5750000000,77251.33,1/6/2023,Very High,Large,5
831,997,Ryann,Stuther,CHH,Consumer Services,NYSE,"Choice Hotels International, Inc.",3750000000,77149.68,1/6/2023,Very High,Large,4
10,14,Amitie,Mather,CVX,Energy,NYSE,Chevron Corporation,205280000000,20087.02,1/7/2023,Low,Huge,3
22,27,Adelind,Rohloff,PG,Basic Industries,NYSE,Procter & Gamble Company (The),229320000000,55544.98,1/7/2023,High,Huge,3
30,35,Uri,Papa,T,Public Utilities,NYSE,AT&T Inc.,239530000000,59545.82,1/7/2023,High,Huge,5
36,41,Adam,Furse,QVCA,Consumer Services,NASDAQ,Liberty Interactive Corporation,11080000000,75171.5,1/7/2023,Very High,Large,1
37,42,Hewitt,Mountain,BOTJ,Finance,NASDAQ,"Bank of the James Financial Group, Inc.",67870000,1622.76,1/7/2023,Low,Small,5
48,54,Nils,Chamney,JPM,Finance,NYSE,J P Morgan Chase & Co,306180000000,25046.55,1/7/2023,Medium,Huge,1
70,78,Nap,Oxlade,GALT,Health Care,NASDAQ,Galectin Therapeutics Inc.,81480000,653.25,1/7/2023,Low,Small,2
87,100,Giacopo,Philcott,MO,Consumer Non-Durables,NYSE,Altria Group,149280000000,6833.44,1/7/2023,Low,Huge,2
96,111,Korie,Ferguson,O,Consumer Services,NYSE,Realty Income Corporation,15470000000,25562.9,1/7/2023,Medium,Large,4
97,113,Pernell,Bechley,JGH,,NYSE,Nuveen Global High Income Fund,386580000,26070.26,1/7/2023,Medium,Medium,1
113,132,Liv,Posselow,PRXL,Health Care,NASDAQ,PAREXEL International Corporation,4240000000,75865.19,1/7/2023,Very High,Large,4
114,133,Nicolle,Dyball,WFT,Energy,NYSE,Weatherford International plc,4030000000,50570.99,1/7/2023,High,Large,4
123,143,Gabby,Inkle,MGM,Consumer Services,NYSE,MGM Resorts International,18740000000,50349.03,1/7/2023,High,Large,3
135,156,Conny,Jankovsky,QDEL,Health Care,NASDAQ,Quidel Corporation,854720000,1652.07,1/7/2023,Low,Medium,3
137,159,Baxy,Guilaem,LM,Finance,NYSE,"Legg Mason, Inc.",3810000000,855.68,1/7/2023,Low,Large,5
177,205,Ernst,Milesop,MHD,,NYSE,"Blackrock MuniHoldings Fund, Inc.",243600000,283.5,1/7/2023,Low,Medium,1
213,247,Jayson,Laffoley-Lane,HYXE,,NASDAQ,iShares iBoxx $ High Yield ex Oil & Gas Corporate Bond ETF,10420000,1240.45,1/7/2023,Low,Small,4
225,260,Alick,Dakin,GDL,,NYSE,The GDL Fund,186140000,51480.79,1/7/2023,High,Medium,3
237,273,Chrysa,Brose,NOMD,Consumer Non-Durables,NYSE,Nomad Foods Limited,2600000000,50788.05,1/7/2023,High,Large,5
240,279,Jessie,McLaughlan,HYZD,,NASDAQ,WisdomTree Interest Rate Hedged High Yield Bond Fund,58010000,50259.16,1/7/2023,High,Small,1
246,286,Hart,Hamblen,PVG,Basic Industries,NYSE,"Pretium Resources, Inc.",1610000000,25890.61,1/7/2023,Medium,Large,5
250,291,Alex,Morrott,GOOGL,Technology,NASDAQ,Alphabet Inc.,663120000000,777.75,1/7/2023,Low,Huge,1
259,301,Noelyn,Chasier,LILAK,Consumer Services,NASDAQ,Liberty Global plc,3470000000,75408.41,1/7/2023,Very High,Large,2
264,306,Ramonda,Desforges,PYPL,Miscellaneous,NASDAQ,"PayPal Holdings, Inc.",62270000000,496.37,1/7/2023,Low,Large,2
284,328,Fernando,Unsworth,HES,Energy,NYSE,Hess Corporation,13870000000,666.73,1/7/2023,Low,Large,4
289,333,Lorena,Clapshaw,LOR,,NYSE,"Lazard World Dividend & Income Fund, Inc.",76040000,734.19,1/7/2023,Low,Small,3
294,338,Mireielle,Mowbray,CMTL,Technology,NASDAQ,Comtech Telecommunications Corp.,448070000,27414.27,1/7/2023,Medium,Medium,4
306,352,Aila,Wark,ERA,Transportation,NYSE,"Era Group, Inc.",187180000,50121.95,1/7/2023,High,Medium,1
313,361,Garald,Tremontana,NOW,Technology,NYSE,"ServiceNow, Inc.",17190000000,25086.62,1/7/2023,Medium,Large,1
327,379,Arlana,Calfe,WRD,Energy,NYSE,WildHorse Resource Development Corporation,1210000000,25326.26,1/7/2023,Medium,Large,2
330,382,Evangelina,Scholefield,IIPR,Finance,NYSE,"Innovative Industrial Properties, Inc.",61030000,75030.34,1/7/2023,Very High,Small,1
357,415,James,Dawtre,CGI,Transportation,NYSE,"Celadon Group, Inc.",86310000,50953.74,1/7/2023,High,Small,3
370,431,Miguela,Ambrozewicz,ONTX,Health Care,NASDAQ,"Onconova Therapeutics, Inc.",18600000,28888.49,1/7/2023,Medium,Small,5
388,452,Gib,Hould,CZFC,Finance,NASDAQ,Citizens First Corporation,45430000,54465.02,1/7/2023,High,Small,5
397,461,Gal,Antoniades,GDV,,NYSE,Gabelli Dividend,1810000000,76519.26,1/7/2023,Very High,Large,5
408,475,Karen,Symes,LEDS,Technology,NASDAQ,SemiLEDS Corporation,9540000,25785.27,1/7/2023,Medium,Small,1
414,482,Carlin,Craig,RWLK,Health Care,NASDAQ,ReWalk Robotics Ltd,20840000,76867.85,1/7/2023,Very High,Small,4
435,507,Juli,de Broke,JNJ,Health Care,NYSE,Johnson & Johnson,361920000000,49062.01,1/7/2023,Medium,Huge,3
445,520,Micaela,Tremmil,MU,Technology,NASDAQ,"Micron Technology, Inc.",33030000000,75760.69,1/7/2023,Very High,Large,3
453,528,Creight,Muggleton,MUE,,NYSE,"Blackrock MuniHoldings Quality Fund II, Inc.",309130000,51484.86,1/7/2023,High,Medium,4
468,547,Esra,Youtead,AVD,Basic Industries,NYSE,American Vanguard Corporation,527159999,51105.52,1/7/2023,High,Medium,2
487,569,Arlena,Blumsom,IQI,,NYSE,Invesco Quality Municipal Income Trust,672680000,1749.63,1/7/2023,Low,Medium,4
493,576,Cherie,Reubens,MMM,Health Care,NYSE,3M Company,127360000000,91660.76,1/7/2023,Very High,Huge,1
523,610,Dotty,Waterson,SAH,Consumer Durables,NYSE,"Sonic Automotive, Inc.",807590000,26370.8,1/7/2023,Medium,Medium,2
530,620,Wilow,Garrow,AAPL,Technology,NASDAQ,Apple Inc.,741770000000,97064.12,1/7/2023,Very High,Huge,4
541,632,Beaufort,Keeping,RE,Finance,NYSE,"Everest Re Group, Ltd.",10500000000,25329.78,1/7/2023,Medium,Large,3
542,633,Tom,Harvison,GKOS,Health Care,NYSE,Glaukos Corporation,1390000000,50028.53,1/7/2023,High,Large,1
551,642,Janot,Lomath,GRAM,Basic Industries,NYSE,Grana y Montero S.A.A.,421110000,1578.98,1/7/2023,Low,Medium,2
558,650,Seymour,Vernham,SLNO,Health Care,NASDAQ,"Soleno Therapeutics, Inc.",27600000,75508.81,1/7/2023,Very High,Small,2
594,693,Jeni,Ferron,PTI,Health Care,NASDAQ,"Proteostasis Therapeutics, Inc.",96090000,50897.82,1/7/2023,High,Small,2
597,696,Nikola,Prangnell,CMG,Consumer Services,NYSE,"Chipotle Mexican Grill, Inc.",12930000000,50245.08,1/7/2023,High,Large,2
602,702,Erroll,Russell,PM,Consumer Non-Durables,NYSE,Philip Morris International Inc,189230000000,95224.24,1/7/2023,Very High,Huge,2
604,705,Sig,Tipping,BABA,Miscellaneous,NYSE,Alibaba Group Holding Limited,341220000000,55867.43,1/7/2023,High,Huge,4
628,735,Grady,Morot,SONA,Finance,NASDAQ,"Southern National Bancorp of Virginia, Inc.",211400000,76323.88,1/7/2023,Very High,Medium,4
635,742,Hyacinthe,Wait,HSBC,Finance,NYSE,HSBC Holdings plc,176430000000,95720.42,1/7/2023,Very High,Huge,3
639,748,Happy,Kettlesing,MOV,Consumer Non-Durables,NYSE,Movado Group Inc.,512470000,51845.99,1/7/2023,High,Medium,5
663,775,Ana,O'Keeffe,HD,Consumer Services,NYSE,"Home Depot, Inc. (The)",187270000000,37792.97,1/7/2023,Medium,Huge,2
668,781,Darcy,Leahair,ICD,Energy,NYSE,"Independence Contract Drilling, Inc.",144440000,75248.94,1/7/2023,Very High,Medium,1
674,787,Joanie,Heggadon,GOOGL,Technology,NASDAQ,Alphabet Inc.,663120000000,52801.45,1/7/2023,High,Huge,1
692,808,Huntlee,Steade,IPDN,Technology,NASDAQ,"Professional Diversity Network, Inc.",31400000,76279.26,1/7/2023,Very High,Small,3
717,839,Eadith,Nehlsen,QTNA,Technology,NASDAQ,"Quantenna Communications, Inc.",650380000,76112.45,1/7/2023,Very High,Medium,3
726,852,Taber,Allcorn,IMI,Technology,NASDAQ,"Intermolecular, Inc.",47580000,129.55,1/7/2023,Low,Small,1
729,855,August,Balsdone,OREX,Health Care,NASDAQ,"Orexigen Therapeutics, Inc.",42490000,52396.9,1/7/2023,High,Small,4
735,861,Haily,Andreas,MMM,Health Care,NYSE,3M Company,127360000000,53387.28,1/7/2023,High,Huge,2
737,864,Gav,Carle,RL,Consumer Non-Durables,NYSE,Ralph Lauren Corporation,5840000000,605.69,1/7/2023,Low,Large,3
738,865,Thoma,Bresland,PWE,Energy,NYSE,Penn West Petroleum Ltd,645410000,76869.34,1/7/2023,Very High,Medium,5
752,882,Oralie,Pignon,FMK,,NASDAQ,First Trust Mega Cap AlphaDEX Fund,14950000,26612.61,1/7/2023,Medium,Small,2
757,889,Charlie,Christie,VBTX,Finance,NASDAQ,"Veritex Holdings, Inc.",425820000,27535.75,1/7/2023,Medium,Medium,5
774,908,Lula,Inns,PTHN,Health Care,NYSE,Patheon N.V.,5060000000,10.99,1/7/2023,Low,Large,1
797,935,Susana,Kochs,ATEC,Health Care,NASDAQ,"Alphatec Holdings, Inc.",19650000,77142.11,1/7/2023,Very High,Small,5
810,951,Aimil,Jerzyk,HRTX,Health Care,NASDAQ,"Heron Therapeutics, Inc.  ",757130000,75804.5,1/7/2023,Very High,Medium,2
816,957,Grannie,Macbeth,HFWA,Finance,NASDAQ,Heritage Financial Corporation,781490000,27271.92,1/7/2023,Medium,Medium,3
822,964,Gunter,Guppie,MQT,,NYSE,"Blackrock MuniYield Quality Fund II, Inc.",296860000,1777.3,1/7/2023,Low,Medium,5
828,971,Ervin,Nortcliffe,SEV,Energy,NASDAQ,"Sevcon, Inc.",89690000,28260.98,1/7/2023,Medium,Small,4
840,987,Rayner,Burnep,ESGE,,NASDAQ,iShares MSCI EM ESG Optimized ETF,54380000,27514.94,1/7/2023,Medium,Small,3
15,20,Sula,Killigrew,TSM,Technology,NYSE,Taiwan Semiconductor Manufacturing Company Ltd.,186020000000,18267.63,1/8/2023,Low,Huge,2
20,27,Marjy,Czapla,LANC,Consumer Non-Durables,NASDAQ,Lancaster Colony Corporation,3430000000,659.47,1/8/2023,Low,Large,3
22,29,Olenolin,Truesdale,NP,Basic Industries,NYSE,"Neenah Paper, Inc.",1350000000,1009.83,1/8/2023,Low,Large,5
30,38,Livvy,Bodycote,ADHD,Health Care,NASDAQ,Alcobra Ltd.,30870000,53974.78,1/8/2023,High,Small,5
97,116,Jo,Norcock,BLMN,Consumer Services,NASDAQ,"Bloomin' Brands, Inc.",2120000000,76216.99,1/8/2023,Very High,Large,5
123,145,Fidela,Gissing,RRR,Consumer Services,NASDAQ,"Red Rock Resorts, Inc.",2780000000,944.38,1/8/2023,Low,Large,4
135,159,Teressa,Leech,SCAC,Finance,NASDAQ,Saban Capital Acquisition Corp.,315630000,26885.98,1/8/2023,Medium,Medium,5
149,175,Robinet,Roz,ANTM,Health Care,NYSE,"Anthem, Inc.",50340000000,75000.54,1/8/2023,Very High,Large,1
162,189,Brinna,Clowney,ITIC,Finance,NASDAQ,Investors Title Company,365710000,75999.74,1/8/2023,Very High,Medium,3
174,203,Laurella,Bernhardi,INPX,Technology,NASDAQ,Inpixon ,3850000,25556.48,1/8/2023,Medium,Small,5
199,232,Mignonne,Cantrell,CVX,Energy,NYSE,Chevron Corporation,205280000000,13896.74,1/8/2023,Low,Huge,1
200,233,Tabbie,Charity,CNXR,Technology,NASDAQ,"Connecture, Inc.",18550000,51348.86,1/8/2023,High,Small,2
226,261,Denver,Cominoli,ERII,Technology,NASDAQ,"Energy Recovery, Inc.",417850000,438.17,1/8/2023,Low,Medium,3
231,266,Omar,Elsdon,ES,Public Utilities,NYSE,Eversource Energy,20040000000,75080.15,1/8/2023,Very High,Large,3
233,268,Marlane,MacRury,BABY,Health Care,NASDAQ,Natus Medical Incorporated,1160000000,154.04,1/8/2023,Low,Large,2
236,272,Caldwell,Gask,JNJ,Health Care,NYSE,Johnson & Johnson,361920000000,65338.79,1/8/2023,High,Huge,2
247,285,Lorenza,Eva,OSG,Transportation,NYSE,"Overseas Shipholding Group, Inc.",192450000,51201.29,1/8/2023,High,Medium,5
263,304,Lucia,Coldbath,SGY,Energy,NYSE,Stone Energy Corporation,470400000,850.51,1/8/2023,Low,Medium,5
272,313,Peta,Penniell,BQH,,NYSE,Blackrock New York Municipal Bond Trust,40220000,3348.53,1/8/2023,Low,Small,3
297,345,Sandye,Scurfield,PRLB,Capital Goods,NYSE,"Proto Labs, Inc.",1720000000,26201.93,1/8/2023,Medium,Large,3
299,348,Lowrance,Begbie,MFNC,Finance,NASDAQ,Mackinac Financial Corporation,85860000,76288.39,1/8/2023,Very High,Small,5
300,349,Maddi,Glasspoole,TYL,Technology,NYSE,"Tyler Technologies, Inc.",6300000000,25458.1,1/8/2023,Medium,Large,1
316,369,Inez,Summerson,PIO,,NASDAQ,PowerShares Global Water Portfolio,191360000,77592.12,1/8/2023,Very High,Medium,5
317,371,Tracey,Culpan,HSC,Capital Goods,NYSE,Harsco Corporation,1350000000,50017.46,1/8/2023,High,Large,1
320,375,Adrianne,Gall,LDL,Capital Goods,NYSE,"Lydall, Inc.",907090000,50065.09,1/8/2023,High,Medium,1
341,402,Wini,Peterffy,PDBC,,NASDAQ,PowerShares Optimum Yield Diversified Commodity Strategy No K-,411910000,50543.36,1/8/2023,High,Medium,3
345,408,Zia,Golda,PBMD,Health Care,NASDAQ,Prima BioMed Ltd,49340000,52125.52,1/8/2023,High,Small,4
398,471,Zackariah,Elger,ACRS,Health Care,NASDAQ,"Aclaris Therapeutics, Inc.",681440000,75917.31,1/8/2023,Very High,Medium,2
401,477,Ariel,Yallop,NBEV,Consumer Non-Durables,NASDAQ,New Age Beverages Corporation,195980000,419.52,1/8/2023,Low,Medium,2
407,483,Vi,Ecclestone,ASRV,Finance,NASDAQ,AmeriServ Financial Inc.,76540000,25324.92,1/8/2023,Medium,Small,3
414,491,Irena,Geerdts,BXC,Capital Goods,NYSE,BlueLinx Holdings Inc.,99140000,51858.79,1/8/2023,High,Small,3
424,501,Emlen,Rowney,CHFS,Health Care,NASDAQ,"CHF Solutions, Inc.",5220000,75775.33,1/8/2023,Very High,Small,4
426,503,Gerry,Stinton,EMIF,,NASDAQ,iShares S&P Emerging Markets Infrastructure Index Fund,47700000,25059.95,1/8/2023,Medium,Small,1
443,522,Benedetto,Braganca,GOOG,Technology,NASDAQ,Alphabet Inc.,650090000000,66206.88,1/8/2023,High,Huge,3
480,568,Sheeree,Eberdt,AJX,Consumer Services,NYSE,Great Ajax Corp.,273460000,75587.11,1/8/2023,Very High,Medium,1
484,573,Rosemary,Pyott,ATV,Consumer Services,NYSE,"Acorn International, Inc.",51130000,1447.9,1/8/2023,Low,Small,2
489,579,Webb,Styles,APB,,NYSE,"Asia Pacific Fund, Inc. (The)",130229999,50628.33,1/8/2023,High,Medium,4
499,590,Renaldo,Oloman,ABDC,,NASDAQ,Alcentra Capital Corp.,178440000,77.13,1/8/2023,Low,Medium,1
517,611,Clint,Kerman,WATT,Technology,NASDAQ,Energous Corporation,324080000,50306.33,1/8/2023,High,Medium,2
518,612,Lilias,Beneix,DDBI,,NASDAQ,Legg Mason Developed EX-US Diversified Core ETF,5540000,25394.43,1/8/2023,Medium,Small,4
541,640,Kaycee,McCoid,HDNG,Capital Goods,NASDAQ,Hardinge Inc.,162720000,25983.69,1/8/2023,Medium,Medium,3
549,650,Yoshiko,Whellans,ADMS,Health Care,NASDAQ,"Adamas Pharmaceuticals, Inc.",391070000,25919.23,1/8/2023,Medium,Medium,2
558,664,Flint,Kyston,NMRX,Consumer Durables,NASDAQ,Numerex Corp.,89880000,75503.07,1/8/2023,Very High,Small,3
582,692,Cynthia,Daen,INTG,Consumer Services,NASDAQ,The Intergroup Corporation,60180000,75415.15,1/8/2023,Very High,Small,2
615,727,Judith,Davidai,WMT,Consumer Services,NYSE,"Wal-Mart Stores, Inc.",226810000000,62430.2,1/8/2023,High,Huge,1
617,729,Dorine,Tincknell,GGZ,,NYSE,Gabelli Global Small and Mid Cap Value Trust (The),95400000,50505.24,1/8/2023,High,Small,1
619,733,Serena,Randalston,HD,Consumer Services,NYSE,"Home Depot, Inc. (The)",187270000000,95429.11,1/8/2023,Very High,Huge,1
623,737,Peg,Kiernan,IAC,Consumer Services,NASDAQ,IAC/InterActiveCorp,7980000000,25678.47,1/8/2023,Medium,Large,2
630,744,Nickolas,Aldwick,CA,Technology,NASDAQ,CA Inc.,13230000000,5.29,1/8/2023,Low,Large,1
650,765,Sloane,Stihl,ALX,Consumer Services,NYSE,"Alexander's, Inc.",2200000000,75042.59,1/8/2023,Very High,Large,2
658,775,Lilian,Grinikhinov,PPG,Basic Industries,NYSE,"PPG Industries, Inc.",28480000000,50348.68,1/8/2023,High,Large,4
660,777,Gates,Stiven,CLIR,Capital Goods,NASDAQ,ClearSign Combustion Corporation,58510000,270.6,1/8/2023,Low,Small,1
689,813,Corey,Dockreay,IFON,Consumer Non-Durables,NASDAQ,InfoSonics Corp,6330000,25258.41,1/8/2023,Medium,Small,2
691,815,Nickie,Tague,BRKS,Technology,NASDAQ,"Brooks Automation, Inc.",1730000000,50107.92,1/8/2023,High,Large,2
701,825,Mathe,Hearley,UFPT,Capital Goods,NASDAQ,"UFP Technologies, Inc.",200320000,593.26,1/8/2023,Low,Medium,4
714,842,Inge,Bennie,ZYME,Health Care,NYSE,Zymeworks Inc.,240930000,25898.79,1/8/2023,Medium,Medium,1
717,845,Perkin,Good,AGRO,Consumer Non-Durables,NYSE,Adecoagro S.A.,1210000000,75444.9,1/8/2023,Very High,Large,4
723,851,Ruy,Pickrell,RCON,Energy,NASDAQ,"Recon Technology, Ltd.",10990000,4958.7,1/8/2023,Low,Small,5
735,865,Toni,Billiard,MORN,Finance,NASDAQ,"Morningstar, Inc.",3340000000,50409.69,1/8/2023,High,Large,5
749,882,Clerkclaude,Reymers,MGLN,Health Care,NASDAQ,"Magellan Health, Inc.",1710000000,27008.14,1/8/2023,Medium,Large,5
755,890,Pammy,Cuckson,CLF,Basic Industries,NYSE,Cliffs Natural Resources Inc.,1770000000,26399.59,1/8/2023,Medium,Large,4
758,893,Mira,Birrell,CYRN,Technology,NASDAQ,CYREN Ltd.,80330000,3964.48,1/8/2023,Low,Small,4
774,913,Belia,Zollner,RTRX,Health Care,NASDAQ,"Retrophin, Inc.",690930000,76773.19,1/8/2023,Very High,Medium,4
794,939,Devora,Lansbury,TWN,,NYSE,"Taiwan Fund, Inc. (The)",157250000,26708.89,1/8/2023,Medium,Medium,4
795,940,Carleen,McKinlay,HON,Capital Goods,NYSE,Honeywell International Inc.,102630000000,32373.73,1/8/2023,Medium,Huge,1
796,941,David,Giraudel,SSD,Capital Goods,NYSE,"Simpson Manufacturing Company, Inc.",2080000000,50271.68,1/8/2023,High,Large,3
826,975,Susan,Handlin,SRRA,Health Care,NASDAQ,"Sierra Oncology, Inc.",59590000,75092.29,1/8/2023,Very High,Small,1
12,14,Correy,Dishman,IRBT,Consumer Durables,NASDAQ,iRobot Corporation,2640000000,25708.48,1/9/2023,Medium,Large,3
51,60,Jaymee,Rushton,GEOS,Capital Goods,NASDAQ,Geospace Technologies Corporation,207390000,51482.56,1/9/2023,High,Medium,3
60,69,Neel,Chaffyn,BBDO,Finance,NYSE,Banco Bradesco Sa,49290000000,254.35,1/9/2023,Low,Large,2
80,92,Orazio,Childs,TRHC,Miscellaneous,NASDAQ,"Tabula Rasa HealthCare, Inc.",233130000,51458.57,1/9/2023,High,Medium,2
82,94,Solly,Dubose,MDGS,Health Care,NASDAQ,Medigus Ltd.,4760000,52753.14,1/9/2023,High,Small,1
90,103,Gwenny,Gander,TUTT,,NASDAQ,Tuttle Tactical Management U.S. Core ETF,54070000,54801.88,1/9/2023,High,Small,4
97,112,Marlena,Abbots,APEI,Consumer Services,NASDAQ,"American Public Education, Inc.",387990000,1889.09,1/9/2023,Low,Medium,3
122,145,Georgie,O'Hearn,ESEA,Transportation,NASDAQ,Euroseas Ltd.,14200000,657.53,1/9/2023,Low,Small,2
161,195,Muriel,Craik,AZRX,,NASDAQ,"AzurRx BioPharma, Inc.",38270000,2871.28,1/9/2023,Low,Small,4
175,209,Alexei,Fotitt,ICPT,Health Care,NASDAQ,"Intercept Pharmaceuticals, Inc.",2960000000,50770.65,1/9/2023,High,Large,3
179,213,Julita,Dilnot,MTZ,Basic Industries,NYSE,"MasTec, Inc.",3690000000,26020.02,1/9/2023,Medium,Large,5
181,215,Ilysa,Juliano,VOC,Energy,NYSE,VOC Energy Trust,79220000,26030.08,1/9/2023,Medium,Small,1
201,237,Lulita,Albrook,EBTC,Finance,NASDAQ,Enterprise Bancorp Inc,414730000,27633.34,1/9/2023,Medium,Medium,5
204,240,Idette,Matusovsky,HTLF,Finance,NASDAQ,"Heartland Financial USA, Inc.",1250000000,76623.36,1/9/2023,Very High,Large,5
215,256,Halsey,Redsull,TPZ,,NYSE,"Tortoise Power and Energy Infrastructure Fund, Inc",145930000,25109.5,1/9/2023,Medium,Medium,1
243,287,Aila,Giovani,CTRV,Health Care,NASDAQ,ContraVir Pharmaceuticals Inc,47480000,3263.95,1/9/2023,Low,Small,5
247,292,Jude,Napier,HD,Consumer Services,NYSE,"Home Depot, Inc. (The)",187270000000,67055.91,1/9/2023,High,Huge,2
259,307,Tally,Thurston,FNFV,Finance,NYSE,"Fidelity National Financial, Inc.",5090000000,76275.32,1/9/2023,Very High,Large,3
278,328,Murdock,Blemen,GSK,Health Care,NYSE,GlaxoSmithKline PLC,107750000000,94009.24,1/9/2023,Very High,Huge,2
283,334,Thomas,Brunetti,SCHN,Consumer Durables,NASDAQ,"Schnitzer Steel Industries, Inc.",520559999,2296.89,1/9/2023,Low,Medium,4
286,337,Sholom,MacKibbon,FWP,Health Care,NASDAQ,Forward Pharma A/S,1040000000,50118.78,1/9/2023,High,Large,1
289,340,Sandi,Birkhead,WFC,Finance,NYSE,Wells Fargo & Company,269310000000,12409.03,1/9/2023,Low,Huge,2
295,346,Netty,Inkpin,UAE,,NASDAQ,iShares MSCI UAE Capped ETF,42850000,27576.4,1/9/2023,Medium,Small,4
317,370,Georgie,Whiston,MCK,Health Care,NYSE,McKesson Corporation,33710000000,50311.44,1/9/2023,High,Large,2
324,378,Rosalynd,Launchbury,LYG,Finance,NYSE,Lloyds Banking Group Plc,63770000000,739.08,1/9/2023,Low,Large,5
332,387,Sandy,Gorch,HMN,Finance,NYSE,Horace Mann Educators Corporation,1590000000,75900.05,1/9/2023,Very High,Large,1
336,391,Deeann,Turley,NYMX,Health Care,NASDAQ,Nymox Pharmaceutical Corporation,192720000,51078.08,1/9/2023,High,Medium,1
352,409,Elisabetta,Rouse,FCEF,,NASDAQ,First Trust CEF Income Opportunity ETF,28080000,53858.09,1/9/2023,High,Small,2
375,438,Sollie,Salmons,SFM,Consumer Services,NASDAQ,"Sprouts Farmers Market, Inc.",2890000000,76105.99,1/9/2023,Very High,Large,2
379,443,Ryun,Jenicek,NBD,,NYSE,Nuveen Build America Bond Opportunity Fund,155850000,2362.81,1/9/2023,Low,Medium,5
423,490,Roderich,Guilford,WFC,Finance,NYSE,Wells Fargo & Company,269310000000,24028.29,1/9/2023,Low,Huge,4
426,493,Shea,Lunk,PFIS,Finance,NASDAQ,Peoples Financial Services Corp. ,325510000,75273.82,1/9/2023,Very High,Medium,2
428,495,June,Pirri,OLED,Capital Goods,NASDAQ,Universal Display Corporation,5500000000,70.77,1/9/2023,Low,Large,1
445,514,Kate,Hulson,WDFC,Basic Industries,NASDAQ,WD-40 Company,1570000000,386.05,1/9/2023,Low,Large,4
453,525,Barbara,Tompkinson,CGNX,Capital Goods,NASDAQ,Cognex Corporation,7900000000,51639.77,1/9/2023,High,Large,5
454,526,Brett,Foro,BK,Finance,NYSE,Bank Of New York Mellon Corporation (The),51880000000,270.22,1/9/2023,Low,Large,3
455,527,Burl,Millimoe,CFBK,Finance,NASDAQ,Central Federal Corporation,35670000,55810.22,1/9/2023,High,Small,5
458,531,Henrik,Nossent,NIHD,Public Utilities,NASDAQ,"NII Holdings, Inc.",66310000,78351.18,1/9/2023,Very High,Small,5
492,571,Chan,Rabl,PFIE,Energy,NASDAQ,"Profire Energy, Inc.",63600000,76337.53,1/9/2023,Very High,Small,2
505,586,Courtnay,Spincke,JHD,,NYSE,Nuveen High Income December 2019 Target Term Fund,277100000,1600.94,1/9/2023,Low,Medium,2
515,596,Tabbatha,Boecke,SSRI,Basic Industries,NASDAQ,Silver Standard Resources Inc.,1100000000,25219.46,1/9/2023,Medium,Large,2
522,604,Harbert,Tunkin,CMCSA,Consumer Services,NASDAQ,Comcast Corporation,195790000000,1022.75,1/9/2023,Low,Huge,1
535,618,Margarita,Schwant,PQ,Energy,NYSE,Petroquest Energy Inc,46900000,77979.36,1/9/2023,Very High,Small,3
543,627,Arlan,Vidyapin,III,Consumer Services,NASDAQ,"Information Services Group, Inc.",167890000,26173.11,1/9/2023,Medium,Medium,4
558,643,Rollin,Casetta,GLPI,Consumer Services,NASDAQ,"Gaming and Leisure Properties, Inc.",7660000000,25796.97,1/9/2023,Medium,Large,4
569,654,Ted,Van Driel,WAYN,Finance,NASDAQ,Wayne Savings Bancshares Inc.,47650000,595.72,1/9/2023,Low,Small,1
577,670,Benn,Symcock,DSKE,Consumer Services,NASDAQ,"Daseke, Inc.",378290000,75055.8,1/9/2023,Very High,Medium,1
589,683,Eugenie,Cayley,CSTM,Basic Industries,NYSE,Constellium N.V.,702120000,53060.99,1/9/2023,High,Medium,5
591,685,Linn,Hankinson,UVV,Consumer Services,NYSE,Universal Corporation,1680000000,51520.53,1/9/2023,High,Large,4
597,691,Niles,MacShane,VZ,Public Utilities,NYSE,Verizon Communications Inc.,190220000000,23351.82,1/9/2023,Low,Huge,3
601,695,Cobby,Whistan,TVIZ,Finance,NASDAQ,VelocityShares Daily 2x VIX Medium-Term ETN,2210000,26683.74,1/9/2023,Medium,Small,3
611,706,Constanta,Littlecote,RFI,,NYSE,"Cohen & Steers Total Return Realty Fund, Inc.",337670000,25799.96,1/9/2023,Medium,Medium,3
645,745,Alfie,Bengal,INT,Energy,NYSE,World Fuel Services Corporation,2490000000,25198.64,1/9/2023,Medium,Large,1
646,746,Orbadiah,Lockley,MXE,,NYSE,"Mexico Equity and Income Fund, Inc. (The)",83200000,76307.28,1/9/2023,Very High,Small,1
651,752,Merilee,Drage,GOODP,Consumer Services,NASDAQ,Gladstone Commercial Corporation,25740000,54303.06,1/9/2023,High,Small,3
673,785,Keefer,Beneze,BA,Capital Goods,NYSE,Boeing Company (The),118570000000,67164.75,1/9/2023,High,Huge,3
680,794,Tory,Crichley,KHC,Consumer Non-Durables,NASDAQ,The Kraft Heinz Company,108870000000,78750.16,1/9/2023,Very High,Huge,1
686,801,Cyndia,Worboy,BNJ,,NYSE,BlackRock New Jersey Municipal Income Trust,117700000,52214.0,1/9/2023,High,Medium,4
694,810,Coletta,Benck,ORN,Basic Industries,NYSE,"Orion Group Holdings, Inc.",198430000,284.4,1/9/2023,Low,Medium,1
715,839,Jayme,Weblin,EVC,Consumer Services,NYSE,Entravision Communications Corporation,569150000,75417.28,1/9/2023,Very High,Medium,3
731,859,Elita,Alliot,SEED,Consumer Non-Durables,NASDAQ,Origin Agritech Limited,32450000,2376.37,1/9/2023,Low,Small,3
741,874,Rochette,Shattock,LCI,Health Care,NYSE,Lannett Co Inc,688770000,76723.62,1/9/2023,Very High,Medium,4
742,876,Kelila,Jiricka,PEP,Consumer Non-Durables,NYSE,"Pepsico, Inc.",166930000000,63465.25,1/9/2023,High,Huge,1
752,888,Boniface,Cornely,XTLB,Health Care,NASDAQ,XTL Biopharmaceuticals Ltd.,13780000,78217.93,1/9/2023,Very High,Small,4
761,897,Kristopher,Jedrzejczak,SAGE,Health Care,NASDAQ,"Sage Therapeutics, Inc.",2980000000,76280.79,1/9/2023,Very High,Large,4
762,898,Barnaby,Betke,CRT,Energy,NYSE,Cross Timbers Royalty Trust,92400000,29379.28,1/9/2023,Medium,Small,5
775,915,Gonzales,Laven,BBSI,Technology,NASDAQ,"Barrett Business Services, Inc.",417920000,25515.88,1/9/2023,Medium,Medium,2
776,916,Delbert,Callingham,APPS,Miscellaneous,NASDAQ,"Digital Turbine, Inc.",69300000,26537.41,1/9/2023,Medium,Small,2
833,983,Claus,Safhill,LEE,Consumer Services,NYSE,"Lee Enterprises, Incorporated",113300000,76848.55,1/9/2023,Very High,Medium,5
9,12,John,MacCrackan,SIX,Consumer Services,NYSE,Six Flags Entertainment Corporation New,5290000000,75779.3,1/10/2023,Very High,Large,4
40,53,Josepha,Byles,ICLN,,NASDAQ,iShares S&P Global Clean Energy Index Fund,85500000,75350.34,1/10/2023,Very High,Small,2
47,62,Ryun,Kinnoch,MTL,Basic Industries,NYSE,Mechel PAO,884580000,1394.73,1/10/2023,Low,Medium,2
63,81,Quinta,Wethered,DRYS,Transportation,NASDAQ,DryShips Inc.,1970000,51031.22,1/10/2023,High,Small,3
79,99,Chan,Northcote,STE,Health Care,NYSE,STERIS plc,6960000000,1289.64,1/10/2023,Low,Large,5
80,100,Jasmin,Siemon,PBIB,Finance,NASDAQ,"Porter Bancorp, Inc.",62590000,27246.3,1/10/2023,Medium,Small,2
97,119,Ingamar,Archibald,TPZ,,NYSE,"Tortoise Power and Energy Infrastructure Fund, Inc",145930000,26732.08,1/10/2023,Medium,Medium,5
102,126,Raven,Trounce,ESND,Consumer Services,NASDAQ,Essendant Inc.,560240000,25469.71,1/10/2023,Medium,Medium,3
107,132,Cherish,Tomek,RNST,Finance,NASDAQ,Renasant Corporation,1940000000,75660.65,1/10/2023,Very High,Large,3
121,148,Shalom,Jonas,OCRX,Health Care,NASDAQ,"Ocera Therapeutics, Inc.",25450000,27954.6,1/10/2023,Medium,Small,4
125,152,Natasha,Millward,ZION,Finance,NASDAQ,Zions Bancorporation,8730000000,50490.18,1/10/2023,High,Large,4
153,186,Engelbert,Wallsam,HSII,Technology,NASDAQ,"Heidrick & Struggles International, Inc.",407510000,50914.7,1/10/2023,High,Medium,3
157,190,Sonny,Elward,CTAS,Consumer Non-Durables,NASDAQ,Cintas Corporation,13740000000,50116.58,1/10/2023,High,Large,2
163,197,Sheba,Peppard,VRSK,Technology,NASDAQ,"Verisk Analytics, Inc.",13750000000,238.76,1/10/2023,Low,Large,3
166,200,Ase,Cinderey,NICK,Finance,NASDAQ,"Nicholas Financial, Inc.",61000000,54924.47,1/10/2023,High,Small,5
173,207,Sondra,Gorden,VGR,Consumer Non-Durables,NYSE,Vector Group Ltd.,2790000000,25340.46,1/10/2023,Medium,Large,2
198,236,Mano,Stubbs,FOF,,NYSE,"Cohen & Steers Closed-End Opportunity Fund, Inc.",351000000,25335.56,1/10/2023,Medium,Medium,2
218,259,Deedee,Spieck,AIMT,Health Care,NASDAQ,"Aimmune Therapeutics, Inc.",829140000,1133.66,1/10/2023,Low,Medium,1
223,264,Ahmed,Gravener,SCSS,Consumer Durables,NASDAQ,Select Comfort Corporation,1320000000,75300.59,1/10/2023,Very High,Large,1
259,305,Chickie,State,BLDP,Energy,NASDAQ,"Ballard Power Systems, Inc.",520750000,76209.08,1/10/2023,Very High,Medium,5
268,318,Roxine,Rorke,OVLY,Finance,NASDAQ,Oak Valley Bancorp (CA),112210000,50686.12,1/10/2023,High,Medium,2
271,321,Jobye,Grayshan,GDDY,Technology,NYSE,GoDaddy Inc.,7150000000,26075.23,1/10/2023,Medium,Large,5
283,337,Halli,Danev,MDT,Health Care,NYSE,Medtronic plc,120570000000,43741.32,1/10/2023,Medium,Huge,1
287,341,Tanya,Sweetland,TIG,Health Care,NASDAQ,TiGenix,103100000000,71434.86,1/10/2023,High,Huge,2
294,355,Abigail,Lightbourn,JPI,,NYSE,Nuveen Preferred and Income Term Fund,560060000,1969.22,1/10/2023,Low,Medium,5
301,363,Revkah,Mynard,USAP,Basic Industries,NASDAQ,"Universal Stainless & Alloy Products, Inc.",137520000,75388.71,1/10/2023,Very High,Medium,1
308,371,Florri,Hendren,CBMX,Health Care,NASDAQ,CombiMatrix Corporation,14260000,26833.78,1/10/2023,Medium,Small,1
322,391,Marleen,Eastridge,UL,Basic Industries,NYSE,Unilever PLC,157690000000,62997.49,1/10/2023,High,Huge,1
325,394,Zenia,Groundwater,ANY,Technology,NASDAQ,Sphere 3D Corp.,13370000,1015.31,1/10/2023,Low,Small,4
329,399,Electra,Cuthbert,ARTX,Miscellaneous,NASDAQ,Arotech Corporation,92500000,78665.68,1/10/2023,Very High,Small,4
331,401,Kaja,Clunan,CNAT,Health Care,NASDAQ,Conatus Pharmaceuticals Inc.,146320000,26530.23,1/10/2023,Medium,Medium,4
359,432,Ephrayim,Scotsbrook,AJG,Finance,NYSE,Arthur J. Gallagher & Co.,10590000000,770.85,1/10/2023,Low,Large,4
407,486,Maitilde,Bartul,CRH,Capital Goods,NYSE,CRH PLC,30090000000,50916.35,1/10/2023,High,Large,5
408,487,Lulu,Garter,IFMK,Consumer Services,NASDAQ,iFresh Inc.,173780000,50444.89,1/10/2023,High,Medium,1
423,504,Howard,Ambrosoli,PRTK,Health Care,NASDAQ,"Paratek Pharmaceuticals, Inc. ",618420000,75438.32,1/10/2023,Very High,Medium,2
431,513,Ogdon,Yeomans,BOCH,Finance,NASDAQ,Bank of Commerce Holdings (CA),182920000,75545.83,1/10/2023,Very High,Medium,3
437,519,Yale,Greaser,PAAC,Finance,NASDAQ,Pacific Special Acquisition Corp.,73480000,53520.72,1/10/2023,High,Small,4
442,526,Abigale,McNirlan,CMCSA,Consumer Services,NASDAQ,Comcast Corporation,195790000000,7696.13,1/10/2023,Low,Huge,2
449,534,Andres,Killigrew,LDOS,Technology,NYSE,"Leidos Holdings, Inc.",8150000000,50045.71,1/10/2023,High,Large,1
450,535,Corry,Bickford,HMNF,Finance,NASDAQ,"HMN Financial, Inc.",77990000,2329.29,1/10/2023,Low,Small,5
455,542,Darby,Stivani,ORCL,Technology,NYSE,Oracle Corporation,185530000000,10090.53,1/10/2023,Low,Huge,3
462,550,Laurel,Mazzey,MSFT,Technology,NASDAQ,Microsoft Corporation,540440000000,46645.14,1/10/2023,Medium,Huge,2
464,552,Mathilda,Mecco,EW,Health Care,NYSE,Edwards Lifesciences Corporation,24130000000,50418.9,1/10/2023,High,Large,3
478,571,Torrence,Epperson,ORN,Basic Industries,NYSE,"Orion Group Holdings, Inc.",198430000,1922.63,1/10/2023,Low,Medium,3
484,578,Lotte,Castagnone,FCEF,,NASDAQ,First Trust CEF Income Opportunity ETF,28080000,542.95,1/10/2023,Low,Small,2
490,586,Saloma,Varnam,WYN,Consumer Services,NYSE,Wyndham Worldwide Corp,10580000000,182.32,1/10/2023,Low,Large,1
493,589,Norine,Edland,BAC,Finance,NYSE,Bank of America Corporation,233170000000,88453.19,1/10/2023,Very High,Huge,1
497,595,Catriona,Aves,KEF,,NYSE,"Korea Equity Fund, Inc.",93020000,75734.89,1/10/2023,Very High,Small,3
499,601,Nils,Pavelin,ESEA,Transportation,NASDAQ,Euroseas Ltd.,14200000,416.35,1/10/2023,Low,Small,1
503,605,Shantee,Faltin,TEAR,Health Care,NASDAQ,TearLab Corporation,9010000,50292.55,1/10/2023,High,Small,1
516,620,Cyb,Bartolommeo,HPJ,Miscellaneous,NASDAQ,Highpower International Inc,61170000,78894.22,1/10/2023,Very High,Small,5
534,640,Leann,Ruit,BX,Finance,NYSE,The Blackstone Group L.P.,39130000000,25304.53,1/10/2023,Medium,Large,1
538,644,Alric,Haet,F,Capital Goods,NYSE,Ford Motor Company,44680000000,25689.24,1/10/2023,Medium,Large,3
542,649,Howey,Towner,EVEP,Energy,NASDAQ,"EV Energy Partners, L.P.",32030000,75103.95,1/10/2023,Very High,Small,1
554,664,Noach,Birk,WHLR,Consumer Services,NASDAQ,"Wheeler Real Estate Investment Trust, Inc.",85970000,28482.94,1/10/2023,Medium,Small,5
572,683,Gwynne,Owain,TVIX,Finance,NASDAQ,VelocityShares Daily 2x VIX Short-Term ETN,198290000,1943.85,1/10/2023,Low,Medium,4
591,709,Hyacinthe,Beane,FYC,,NASDAQ,First Trust Small Cap Growth AlphaDEX Fund,104390000,51132.96,1/10/2023,High,Medium,5
601,720,Mabel,Kinneally,EFC,Finance,NYSE,Ellington Financial LLC,536920000,25076.96,1/10/2023,Medium,Medium,1
606,727,Hally,Agiolfinger,ATAI,Consumer Services,NASDAQ,ATA Inc.,106150000,75867.77,1/10/2023,Very High,Medium,4
691,825,Kristian,McLaughlan,JPM,Finance,NYSE,J P Morgan Chase & Co,306180000000,5294.73,1/10/2023,Low,Huge,1
705,843,Ianthe,Biasioni,TTEC,Technology,NASDAQ,"TeleTech Holdings, Inc.",1870000000,75562.72,1/10/2023,Very High,Large,2
708,846,Carmella,Gritten,RARE,Health Care,NASDAQ,Ultragenyx Pharmaceutical Inc.,2640000000,76008.22,1/10/2023,Very High,Large,5
736,877,Sharai,Denk,SFBC,Finance,NASDAQ,"Sound Financial Bancorp, Inc.",74250000,50895.57,1/10/2023,High,Small,2
737,878,Christoper,Halm,CZR,Consumer Services,NASDAQ,Caesars Entertainment Corporation,1830000000,26072.58,1/10/2023,Medium,Large,4
807,966,Alon,Dumingo,EURN,Transportation,NYSE,Euronav NV,1150000000,218.42,1/10/2023,Low,Large,2
811,971,Elenore,Bauldry,SMBK,Finance,NASDAQ,"SmartFinancial, Inc.",201190000,50959.34,1/10/2023,High,Medium,4
820,984,Irina,Vettore,TROV,Health Care,NASDAQ,"TrovaGene, Inc.",29240000,913.85,1/10/2023,Low,Small,3
824,988,Prentice,Aaronsohn,CREG,Miscellaneous,NASDAQ,China Recycling Energy Corporation,11630000,27457.24,1/10/2023,Medium,Small,3
25,33,Efren,Bennough,AERI,Health Care,NASDAQ,"Aerie Pharmaceuticals, Inc.",1800000000,25298.85,1/11/2023,Medium,Large,1
41,54,Anabal,Hares,BBG,Energy,NYSE,Bill Barrett Corporation,252540000,51139.17,1/11/2023,High,Medium,3
44,58,Rodd,O'Codihie,AMTX,Basic Industries,NASDAQ,"Aemetis, Inc",29540000,76324.03,1/11/2023,Very High,Small,4
62,80,Ashbey,Sor,PWOD,Finance,NASDAQ,"Penns Woods Bancorp, Inc.",195660000,358.64,1/11/2023,Low,Medium,2
79,105,Oliy,Bingley,CMCSA,Consumer Services,NASDAQ,Comcast Corporation,195790000000,51843.86,1/11/2023,High,Huge,1
95,124,Ernestus,Dilks,NSA,Consumer Services,NYSE,National Storage Affiliates Trust,990020000,26140.59,1/11/2023,Medium,Medium,3
100,130,Trula,Sailer,DTUS,Finance,NASDAQ,iPath US Treasury 2-year Bear ETN,8000000,981.92,1/11/2023,Low,Small,2
102,132,Boyce,Glazzard,CHRW,Transportation,NASDAQ,"C.H. Robinson Worldwide, Inc.",9870000000,25555.43,1/11/2023,Medium,Large,2
113,145,Brant,Crowter,DRA,,NYSE,Diversified Real Asset Income Fund,311580000,25860.79,1/11/2023,Medium,Medium,2
153,193,Lev,Gallienne,FSTR,Basic Industries,NASDAQ,L.B. Foster Company,202500000,50422.43,1/11/2023,High,Medium,2
154,194,Gabie,Asple,ABIL,Finance,NASDAQ,Ability Inc.,31940000,50818.24,1/11/2023,High,Small,4
160,200,Kelly,Byrd,SLIM,,NASDAQ,The Obesity ETF,2610000,1902.76,1/11/2023,Low,Small,4
178,221,Eryn,Purkis,FIX,Capital Goods,NYSE,"Comfort Systems USA, Inc.",1330000000,1372.46,1/11/2023,Low,Large,5
181,225,Crin,McIlvenny,PVH,Consumer Non-Durables,NYSE,PVH Corp.,8180000000,51881.11,1/11/2023,High,Large,4
199,243,Roxine,D'Elias,PG,Basic Industries,NYSE,Procter & Gamble Company (The),229320000000,68764.33,1/11/2023,High,Huge,4
211,256,Debor,Gooke,CFCO,Finance,NASDAQ,CF Corporation,966000000,75049.38,1/11/2023,Very High,Medium,1
229,275,Caria,Cockburn,INTC,Technology,NASDAQ,Intel Corporation,165800000000,39922.37,1/11/2023,Medium,Huge,3
233,279,Elle,Smalles,FEMS,,NASDAQ,First Trust Emerging Markets Small Cap AlphaDEX Fund,200510000,75405.85,1/11/2023,Very High,Medium,4
242,289,Starla,Blenkharn,DDF,,NYSE,"Delaware Investments Dividend & Income Fund, Inc.",85380000,27452.93,1/11/2023,Medium,Small,5
247,295,Clare,Compfort,ROYT,Energy,NYSE,Pacific Coast Oil Trust,61730000,25297.89,1/11/2023,Medium,Small,1
254,302,Pamella,Conrart,CHL,Public Utilities,NYSE,China Mobile (Hong Kong) Ltd.,220680000000,29071.16,1/11/2023,Medium,Huge,2
266,316,Micheline,O'Grady,ATHM,Technology,NYSE,Autohome Inc.,5070000000,50292.86,1/11/2023,High,Large,1
267,317,Marnie,Conklin,HMSY,Miscellaneous,NASDAQ,HMS Holdings Corp,1590000000,75500.51,1/11/2023,Very High,Large,3
276,327,Sullivan,Ahrenius,MOD,Capital Goods,NYSE,Modine Manufacturing Company,833830000,75381.45,1/11/2023,Very High,Medium,3
278,329,Mona,Fills,HMN,Finance,NYSE,Horace Mann Educators Corporation,1590000000,906.91,1/11/2023,Low,Large,4
290,348,Gretta,Greeveson,LMFA,Finance,NASDAQ,"LM Funding America, Inc.",13560000,50213.6,1/11/2023,High,Small,1
304,367,Chaim,McCool,LIFE,Health Care,NASDAQ,"aTyr Pharma, Inc.",84510000,78158.38,1/11/2023,Very High,Small,5
326,392,Leonora,Darell,WHLM,Consumer Services,NASDAQ,"Wilhelmina International, Inc.",38750000,969.42,1/11/2023,Low,Small,1
342,411,Joyce,Hunston,RACE,Capital Goods,NYSE,Ferrari N.V.,21610000000,51079.33,1/11/2023,High,Large,3
346,416,Guenna,Reeday,UBIO,,NASDAQ,Proshares UltraPro Nasdaq Biotechnology,35100000,75736.09,1/11/2023,Very High,Small,2
352,422,Gallard,McGebenay,WIW,,NYSE,Western Asset/Claymore U.S Treasury Inflation Prot Secs Fd 2,675470000,25391.93,1/11/2023,Medium,Medium,1
366,438,Aili,Pech,STRM,Technology,NASDAQ,"Streamline Health Solutions, Inc.",21440000,76110.06,1/11/2023,Very High,Small,3
368,440,Katey,Tousey,MO,Consumer Non-Durables,NYSE,Altria Group,149280000000,64346.84,1/11/2023,High,Huge,3
372,445,Dory,Rumgay,XNET,Technology,NASDAQ,Xunlei Limited,219730000,51676.9,1/11/2023,High,Medium,5
403,484,Kerry,Chaudret,MIRN,Health Care,NASDAQ,"Mirna Therapeutics, Inc.",31070000,1575.07,1/11/2023,Low,Small,3
407,489,Kenna,Cristou,APU,Consumer Services,NYSE,"AmeriGas Partners, L.P.",4269999999,110.13,1/11/2023,Low,Large,1
449,534,Peggie,Yurin,STWD,Consumer Services,NYSE,"STARWOOD PROPERTY TRUST, INC.",5870000000,25604.19,1/11/2023,Medium,Large,3
458,545,Sandra,Prall,PAYC,Technology,NYSE,"Paycom Software, Inc.",4120000000,26414.8,1/11/2023,Medium,Large,5
460,547,Stacie,Purnell,SPRT,Technology,NASDAQ,"support.com, Inc.",45410000,25857.05,1/11/2023,Medium,Small,2
464,551,Curry,Bottjer,WEA,,NYSE,Western Asset Bond Fund,164150000,382.11,1/11/2023,Low,Medium,3
476,564,Honoria,Hulmes,WFBI,Finance,NASDAQ,WashingtonFirst Bankshares Inc,445080000,776.25,1/11/2023,Low,Medium,4
511,603,Gusta,Pearcey,SHOO,Consumer Non-Durables,NASDAQ,"Steven Madden, Ltd.",2290000000,26267.12,1/11/2023,Medium,Large,4
513,606,Hortense,Henrionot,KMI,Public Utilities,NYSE,"Kinder Morgan, Inc.",42840000000,408.04,1/11/2023,Low,Large,3
545,643,Jay,Schachter,MTOR,Capital Goods,NYSE,"Meritor, Inc.",1410000000,75357.02,1/11/2023,Very High,Large,2
550,649,Evie,Abbe,MTGEP,Consumer Services,NASDAQ,MTGE Investment Corp.,52000000,26829.28,1/11/2023,Medium,Small,4
574,674,Shanda,Soares,INTC,Technology,NASDAQ,Intel Corporation,165800000000,27192.54,1/11/2023,Medium,Huge,1
590,691,Fredericka,Boorn,PCTI,Technology,NASDAQ,"PC-Tel, Inc.",120740000,813.07,1/11/2023,Low,Medium,5
591,692,Rhianon,Delahunt,ROIC,Consumer Services,NASDAQ,Retail Opportunity Investments Corp.,2150000000,50332.18,1/11/2023,High,Large,2
593,695,Lusa,Grundy,CDR,Consumer Services,NYSE,"Cedar Realty Trust, Inc.",440650000,75892.92,1/11/2023,Very High,Medium,5
604,707,Rebe,Mott,GLA,Technology,NYSE,"GlassBridge Enterprises, Inc.",15970000,75561.04,1/11/2023,Very High,Small,1
608,714,Etta,Bener,TJX,Consumer Services,NYSE,"TJX Companies, Inc. (The)",46600000000,163.64,1/11/2023,Low,Large,2
612,719,Vyky,Ebi,OPP,,NYSE,"RiverNorth/DoubleLine Strategic Opportunity Fund, Inc.",210140000,75070.64,1/11/2023,Very High,Medium,2
614,721,Maude,Serris,CMCSA,Consumer Services,NASDAQ,Comcast Corporation,195790000000,71159.65,1/11/2023,High,Huge,5
636,746,Onida,Gerckens,ZEN,Technology,NYSE,"Zendesk, Inc.",2690000000,52119.2,1/11/2023,High,Large,5
645,755,Marys,Estick,LSTR,Transportation,NASDAQ,"Landstar System, Inc.",3680000000,75907.76,1/11/2023,Very High,Large,5
661,775,Genevieve,Spellward,A,Capital Goods,NYSE,"Agilent Technologies, Inc.",19120000000,75041.97,1/11/2023,Very High,Large,1
670,785,Omero,Gadson,NVET,Health Care,NASDAQ,Nexvet Biopharma plc,79270000,2121.27,1/11/2023,Low,Small,5
706,827,Lyndsie,Durston,MNGA,Technology,NASDAQ,MagneGas Corporation,7870000,26734.97,1/11/2023,Medium,Small,3
741,870,Mureil,Peirson,KMM,,NYSE,Scudder Multi-Market Income Trust,198850000,51176.89,1/11/2023,High,Medium,4
746,876,Candace,Tokell,VZ,Public Utilities,NYSE,Verizon Communications Inc.,190220000000,61608.85,1/11/2023,High,Huge,2
757,892,Conny,McKendry,BXC,Capital Goods,NYSE,BlueLinx Holdings Inc.,99140000,51362.56,1/11/2023,High,Small,5
772,908,Renato,West,POPE,Consumer Non-Durables,NASDAQ,Pope Resources,320190000,28902.72,1/11/2023,Medium,Medium,5
778,914,Jordan,Harral,MNOV,Health Care,NASDAQ,"MediciNova, Inc.",188590000,50182.55,1/11/2023,High,Medium,1
785,922,Noemi,Glasspool,CSTM,Basic Industries,NYSE,Constellium N.V.,702120000,26606.43,1/11/2023,Medium,Medium,4
801,941,Audy,Leel,FPXI,,NASDAQ,First Trust International IPO ETF,4770000,50544.52,1/11/2023,High,Small,3
831,977,Micheal,Barten,FBZ,,NASDAQ,First Trust Brazil AlphaDEX Fund,25390000,50268.18,1/11/2023,High,Small,2
832,978,Mackenzie,Ambrodi,INO,Health Care,NASDAQ,"Inovio Pharmaceuticals, Inc.",585080000,3.43,1/11/2023,Low,Medium,1
834,981,Reta,Barth,APO,Finance,NYSE,"Apollo Global Management, LLC",11180000000,75834.56,1/11/2023,Very High,Large,4
845,995,Staci,Molyneaux,BP,Energy,NYSE,BP p.l.c.,117990000000,48834.11,1/11/2023,Medium,Huge,4
12,13,Mathilda,Margrem,SRG,Finance,NYSE,Seritage Growth Properties,2340000000,75566.75,1/12/2023,Very High,Large,4
15,16,Noemi,Iltchev,MPVD,Basic Industries,NASDAQ,Mountain Province Diamonds Inc.,472510000,51477.53,1/12/2023,High,Medium,5
35,41,Marge,Quittonden,UNT,Energy,NYSE,Unit Corporation,967200000,1315.73,1/12/2023,Low,Medium,4
75,89,Myrvyn,Abrami,SIMO,Technology,NASDAQ,Silicon Motion Technology Corporation,1820000000,75593.19,1/12/2023,Very High,Large,5
96,113,Jenifer,Geraldo,HSBC,Finance,NYSE,HSBC Holdings plc,176430000000,99014.84,1/12/2023,Very High,Huge,3
117,139,Pearla,Wedge,UNF,Consumer Services,NYSE,Unifirst Corporation,2870000000,25257.68,1/12/2023,Medium,Large,2
124,146,Cindelyn,Wegenen,OBAS,Finance,NASDAQ,Optibase Ltd.,52140000,3599.65,1/12/2023,Low,Small,4
132,154,Bertine,Jervoise,OKTA,Technology,NASDAQ,"Okta, Inc.",2520000000,362.92,1/12/2023,Low,Large,4
141,164,Clevie,Collyer,GRX,,NYSE,The Gabelli Healthcare & Wellness Trust,208410000,51322.61,1/12/2023,High,Medium,4
161,187,Rebekah,Lindell,GPN,Miscellaneous,NYSE,Global Payments Inc.,13650000000,25665.11,1/12/2023,Medium,Large,4
170,198,Charissa,Scoterbosh,CACI,Technology,NYSE,"CACI International, Inc.",2970000000,25064.89,1/12/2023,Medium,Large,1
175,203,Florencia,Dabourne,TSM,Technology,NYSE,Taiwan Semiconductor Manufacturing Company Ltd.,186020000000,69056.61,1/12/2023,High,Huge,2
179,208,Nelli,Haskey,CORE,Consumer Non-Durables,NASDAQ,"Core-Mark Holding Company, Inc.",1590000000,50600.8,1/12/2023,High,Large,1
181,210,George,Benezet,SNY,Health Care,NYSE,Sanofi,123340000000,46333.18,1/12/2023,Medium,Huge,3
198,231,Stella,Kanzler,NTEC,Health Care,NASDAQ,Intec Pharma Ltd.,74190000,50910.09,1/12/2023,High,Small,2
204,239,Dorey,Wones,SID,Capital Goods,NYSE,National Steel Company,2510000000,25498.97,1/12/2023,Medium,Large,3
215,253,Kiri,Chopping,CTIB,Basic Industries,NASDAQ,CTI Industries Corporation,21030000,76885.36,1/12/2023,Very High,Small,2
229,269,Dana,Keynes,R,Consumer Services,NYSE,"Ryder System, Inc.",3600000000,720.08,1/12/2023,Low,Large,5
231,271,Jerrilee,Espine,JCE,,NYSE,Nuveen Core Equity Alpha Fund,234720000,527.44,1/12/2023,Low,Medium,2
240,283,Caresse,Pyrke,RELY,Consumer Non-Durables,NASDAQ,"Real Industry, Inc. ",90880000,78113.35,1/12/2023,Very High,Small,4
258,303,Danell,Ricco,UVSP,Finance,NASDAQ,Univest Corporation of Pennsylvania,793180000,50665.48,1/12/2023,High,Medium,1
263,308,Shoshana,Deeney,THQ,,NYSE,Tekla Healthcare Opportunies Fund,772410000,75975.58,1/12/2023,Very High,Medium,4
285,333,Katalin,Lansdowne,HRC,Health Care,NYSE,Hill-Rom Holdings Inc,5220000000,25679.29,1/12/2023,Medium,Large,5
301,351,Debera,Waghorne,KO,Consumer Non-Durables,NYSE,Coca-Cola Company (The),193590000000,31850.9,1/12/2023,Medium,Huge,1
313,363,Abner,Bonavia,AVXL,Health Care,NASDAQ,Anavex Life Sciences Corp.,221780000,50949.47,1/12/2023,High,Medium,3
321,375,Jeremy,Van Oort,TUES,Consumer Services,NASDAQ,Tuesday Morning Corp.,83440000,50049.71,1/12/2023,High,Small,1
330,386,Godard,Aloshechkin,AZRX,,NASDAQ,"AzurRx BioPharma, Inc.",38270000,78218.19,1/12/2023,Very High,Small,5
339,397,Sullivan,Sycamore,EXK,Basic Industries,NYSE,Endeavour Silver Corporation,370330000,75895.04,1/12/2023,Very High,Medium,3
343,402,Phil,Waddams,PBMD,Health Care,NASDAQ,Prima BioMed Ltd,49340000,26381.74,1/12/2023,Medium,Small,2
359,421,Jaquelyn,Elion,FCFP,Finance,NASDAQ,"First Community Financial Partners, Inc.",234260000,25317.66,1/12/2023,Medium,Medium,3
364,426,Quintilla,Littell,FMCI,Finance,NASDAQ,Forum Merger Corporation,217090000,76027.53,1/12/2023,Very High,Medium,5
380,447,Fabe,Trew,MO,Consumer Non-Durables,NYSE,Altria Group,149280000000,24269.42,1/12/2023,Low,Huge,1
405,479,Blondy,Czajkowski,QQEW,,NASDAQ,First Trust NASDAQ-100 Equal Weighted Index Fund,556300000,489.58,1/12/2023,Low,Medium,1
406,480,Rey,Stevens,WTM,Finance,NYSE,"White Mountains Insurance Group, Ltd.",4000000000,50862.69,1/12/2023,High,Large,3
409,483,Janice,McKeon,PNRG,Energy,NASDAQ,PrimeEnergy Corporation,101690000,75486.8,1/12/2023,Very High,Medium,1
411,486,Ginevra,Courvert,PAGG,,NASDAQ,PowerShares Global Agriculture Portfolio,22370000,27416.31,1/12/2023,Medium,Small,4
415,491,Cosimo,Yantsurev,BONT,Consumer Services,NASDAQ,"The Bon-Ton Stores, Inc.",10540000,28035.48,1/12/2023,Medium,Small,5
431,510,Orly,Turner,CMCSA,Consumer Services,NASDAQ,Comcast Corporation,195790000000,97671.88,1/12/2023,Very High,Huge,2
454,537,Huey,Goscomb,KODK,Miscellaneous,NYSE,Eastman Kodak Company,394900000,1902.95,1/12/2023,Low,Medium,5
474,560,Bren,Stiller,ELON,Technology,NASDAQ,Echelon Corporation,24700000,77270.32,1/12/2023,Very High,Small,3
480,567,Twyla,Stonehouse,GNMX,Health Care,NASDAQ,"Aevi Genomic Medicine, Inc.",46760000,1016.87,1/12/2023,Low,Small,2
485,572,Jordon,Robjents,FEIM,Capital Goods,NASDAQ,"Frequency Electronics, Inc.",81190000,1094.12,1/12/2023,Low,Small,3
491,580,Ardath,Kunrad,GPRO,Miscellaneous,NASDAQ,"GoPro, Inc.",1120000000,51525.84,1/12/2023,High,Large,5
513,607,Lily,Lomis,MDVX,Health Care,NASDAQ,Medovex Corp.,18220000,113.28,1/12/2023,Low,Small,1
514,609,Lona,Skitt,PACD,Energy,NYSE,Pacific Drilling S.A.,37670000,52116.68,1/12/2023,High,Small,4
515,610,Jeanelle,Goodreid,GOV,Finance,NASDAQ,Government Properties Income Trust,1610000000,50946.57,1/12/2023,High,Large,4
516,611,Gerome,Vernalls,CHT,Public Utilities,NYSE,"Chunghwa Telecom Co., Ltd.",27640000000,75018.03,1/12/2023,Very High,Large,1
517,612,Nanon,Allenby,PSET,,NASDAQ,Principal Price Setters Index ETF,7240000,75048.62,1/12/2023,Very High,Small,1
535,636,Jorge,Padgett,EFR,,NYSE,Eaton Vance Senior Floating-Rate Fund,548940000,25041.42,1/12/2023,Medium,Medium,2
552,655,Gerardo,Saphin,EMF,,NYSE,Templeton Emerging Markets Fund,266899999,25000.64,1/12/2023,Medium,Medium,1
622,736,Guthry,Parkhouse,AZZ,Consumer Durables,NYSE,AZZ Inc.,1470000000,266.91,1/12/2023,Low,Large,2
638,756,Moise,Arrington,GRMN,Capital Goods,NASDAQ,Garmin Ltd.,9660000000,277.44,1/12/2023,Low,Large,3
709,838,Lilias,Fargie,MFV,,NYSE,MFS Special Value Trust,45180000,25108.42,1/12/2023,Medium,Small,1
724,855,Gladi,O'Nion,HSGX,Health Care,NASDAQ,Histogenics Corporation,35470000,6419.44,1/12/2023,Low,Small,5
730,865,Kakalina,Andretti,CDK,Miscellaneous,NASDAQ,"CDK Global, Inc.",8960000000,50668.54,1/12/2023,High,Large,2
733,869,Jo,Heinreich,GUT,,NYSE,Gabelli Utility Trust (The),296840000,25340.33,1/12/2023,Medium,Medium,4
758,898,Cyndie,Martindale,SRET,,NASDAQ,Global X SuperDividend REIT ETF,3090000,52240.25,1/12/2023,High,Small,5
766,907,Chase,Blagburn,MCHI,,NASDAQ,iShares MSCI China ETF,2430000000,75250.75,1/12/2023,Very High,Large,2
778,922,Katalin,Gregolotti,V,Miscellaneous,NYSE,Visa Inc.,217120000000,33472.83,1/12/2023,Medium,Huge,2
782,926,Sigismond,Hast,SAP,Technology,NYSE,SAP SE,126800000000,78869.76,1/12/2023,Very High,Huge,1
786,931,Mellie,Bonhan,RTEC,Capital Goods,NYSE,"Rudolph Technologies, Inc.",781270000,50709.72,1/12/2023,High,Medium,2
787,932,Athene,Castanares,DXPE,Capital Goods,NASDAQ,"DXP Enterprises, Inc.",630700000,75739.86,1/12/2023,Very High,Medium,2
792,940,Franciskus,Pippard,SNDE,Energy,NASDAQ,Sundance Energy Australia Limited,68960000,52063.27,1/12/2023,High,Small,3
797,945,Eudora,Wissbey,T,Public Utilities,NYSE,AT&T Inc.,239530000000,57536.21,1/12/2023,High,Huge,1
803,953,Caz,Foxall,GERN,Health Care,NASDAQ,Geron Corporation,420220000,612.75,1/12/2023,Low,Medium,3
804,954,Leon,Levee,MCR,,NYSE,MFS Charter Income Trust,446000000,25470.13,1/12/2023,Medium,Medium,5
823,981,Marge,Haszard,RELX,Consumer Services,NYSE,RELX PLC,45230000000,75374.71,1/12/2023,Very High,Large,3
831,990,Gillan,Charlson,WBKC,Finance,NASDAQ,"Wolverine Bancorp, Inc.",83530000,27065.73,1/12/2023,Medium,Small,3
839,1000,Oren,Torresi,LEXEB,Consumer Services,NASDAQ,"Liberty Expedia Holdings, Inc.",3060000000,42.56,1/12/2023,Low,Large,1
